Draft Class,Rnd,Pick,Player,Pos
2014,1,1,Jadeveon Clowney,DE
2014,1,2,Greg Robinson,OT
2014,1,3,Blake Bortles,QB
2014,1,4,Sammy Watkins,WR
2014,1,5,Khalil Mack,LB
2014,1,6,Jake Matthews,OT
2014,1,7,Mike Evans,WR
2014,1,8,Justin Gilbert,DB
2014,1,9,Anthony Barr,LB
2014,1,10,Eric Ebron,TE
2014,1,11,Taylor Lewan,OT
2014,1,12,Odell Beckham Jr.,WR
2014,1,13,Aaron Donald,DT
2014,1,14,Kyle Fuller,DB
2014,1,15,Ryan Shazier,LB
2014,1,16,Zack Martin,OG
2014,1,17,C.J. Mosley,LB
2014,1,18,Calvin Pryor,DB
2014,1,19,Ja'Wuan James,OT
2014,1,20,Brandin Cooks,WR
2014,1,21,Ha Ha Clinton-Dix,DB
2014,1,22,Johnny Manziel,QB
2014,1,23,Dee Ford,LB
2014,1,24,Darqueze Dennard,DB
2014,1,25,Jason Verrett,DB
2014,1,26,Marcus Smith,LB
2014,1,27,Deone Bucannon,DB
2014,1,28,Kelvin Benjamin,WR
2014,1,29,Dominique Easley,DT
2014,1,30,Jimmie Ward,DB
2014,1,31,Bradley Roby,DB
2014,1,32,Teddy Bridgewater,QB
2014,2,33,Xavier Su'a-Filo,OG
2014,2,34,DeMarcus Lawrence,DE
2014,2,35,Joel Bitonio,OG
2014,2,36,Derek Carr,QB
2014,2,37,Ra'Shede Hageman,DT
2014,2,38,Austin Seferian-Jenkins,TE
2014,2,39,Marqise Lee,WR
2014,2,40,Kyle Van Noy,LB
2014,2,41,Lamarcus Joyner,DB
2014,2,42,Jordan Matthews,WR
2014,2,43,Weston Richburg,OL
2014,2,44,Cyrus Kouandjio,OT
2014,2,45,Paul Richardson,WR
2014,2,46,Stephon Tuitt,DE
2014,2,47,Trent Murphy,LB
2014,2,48,Timmy Jernigan,DT
2014,2,49,Jace Amaro,TE
2014,2,50,Jeremiah Attaochu,LB
2014,2,51,Ego Ferguson,DT
2014,2,52,Troy Niklas,TE
2014,2,53,Davante Adams,WR
2014,2,54,Bishop Sankey,RB
2014,2,55,Jeremy Hill,RB
2014,2,56,Cody Latimer,WR
2014,2,57,Carlos Hyde,RB
2014,2,58,Stanley Jean-Baptiste,DB
2014,2,59,Jack Mewhort,OT
2014,2,60,Kony Ealy,DE
2014,2,61,Allen Robinson,WR
2014,2,62,Jimmy Garoppolo,QB
2014,2,63,Jarvis Landry,WR
2014,2,64,Justin Britt,OT
2014,3,65,C.J. Fiedorowicz,TE
2014,3,66,Morgan Moses,OL
2014,3,67,Billy Turner,OT
2014,3,68,Dezmen Southward,DB
2014,3,69,Charles Sims,RB
2014,3,70,Marcus Martin,C
2014,3,71,Christian Kirksey,LB
2014,3,72,Scott Crichton,DE
2014,3,73,Preston Brown,LB
2014,3,74,Jay Bromley,DT
2014,3,75,Tre Mason,RB
2014,3,76,Travis Swanson,C
2014,3,77,Chris Borland,LB
2014,3,78,Spencer Long,OG
2014,3,79,Terrence Brooks,DB
2014,3,80,Dexter McDougle,DB
2014,3,81,Gabe Jackson,OG
2014,3,82,Will Sutton,DT
2014,3,83,Louis Nix,DT
2014,3,84,Kareem Martin,DE
2014,3,85,Khyri Thornton,DT
2014,3,86,Josh Huff,WR
2014,3,87,Phillip Gaines,DB
2014,3,88,Will Clarke,DE
2014,3,89,Chris Watt,OG
2014,3,90,Donte Moncrief,WR
2014,3,91,John Brown,WR
2014,3,92,Trai Turner,OL
2014,3,93,Brandon Linder,OL
2014,3,94,Terrance West,RB
2014,3,95,Michael Schofield,OL
2014,3,96,Jerick McKinnon,RB
2014,3,97,Dri Archer,WR
2014,3,98,Richard Rodgers,TE
2014,3,99,Crockett Gillmore,TE
2014,3,100,Brandon Thomas,OL
2014,4,101,Jaylen Watkins,DB
2014,4,102,Bashaud Breeland,DB
2014,4,103,Devonta Freeman,RB
2014,4,104,Jalen Saunders,WR
2014,4,105,Bryan Stork,C
2014,4,106,Bruce Ellington,WR
2014,4,107,Justin Ellis,DT
2014,4,108,Cassius Marsh,DE
2014,4,109,Ross Cockrell,DB
2014,4,110,Maurice Alexander,DB
2014,4,111,Russell Bodine,C
2014,4,112,DaQuan Jones,DT
2014,4,113,Andre Williams,RB
2014,4,114,Aaron Colvin,DB
2014,4,115,Shaquelle Evans,WR
2014,4,116,Keith McGill,DB
2014,4,117,Ka'Deem Carey,RB
2014,4,118,Martavis Bryant,WR
2014,4,119,Anthony Hitchens,LB
2014,4,120,Logan Thomas,QB
2014,4,121,Carl Bradford,LB
2014,4,122,Marqueston Huff,DB
2014,4,123,Kevin Norwood,WR
2014,4,124,De'Anthony Thomas,RB
2014,4,125,Walt Aikens,DB
2014,4,126,Khairi Fortt,LB
2014,4,127,Pierre Desir,DB
2014,4,128,Tre Boston,DB
2014,4,129,Dontae Johnson,DB
2014,4,130,James White,RB
2014,4,131,Brock Vereen,DB
2014,4,132,Kevin Pierre-Louis,LB
2014,4,133,Nevin Lawson,DB
2014,4,134,Brent Urban,DT
2014,4,135,Tom Savage,QB
2014,4,136,Larry Webster,DE
2014,4,137,Dakota Dozier,OL
2014,4,138,Lorenzo Taliaferro,RB
2014,4,139,Prince Shembo,LB
2014,4,140,Cameron Fleming,OT
2014,5,141,Taylor Hart,DE
2014,5,142,Ryan Grant,WR
2014,5,143,Kadeem Edwards,OL
2014,5,144,Telvin Smith,LB
2014,5,145,David Yankey,OL
2014,5,146,Devin Street,WR
2014,5,147,Ricardo Allen,DB
2014,5,148,Bene Benwikere,DB
2014,5,149,Kevin Pamphile,OT
2014,5,150,Aaron Lynch,DE
2014,5,151,Avery Williamson,LB
2014,5,152,Nat Berhe,DB
2014,5,153,Cyril Richardson,OG
2014,5,154,Jeremiah George,LB
2014,5,155,Arthur Lynch,TE
2014,5,156,Lamin Barrow,LB
2014,5,157,Shaquille Richardson,DB
2014,5,158,Caraun Reid,DT
2014,5,159,Chris Smith,DE
2014,5,160,Ed Stinson,DE
2014,5,161,Corey Linsley,C
2014,5,162,Ed Reynolds,DB
2014,5,163,Aaron Murray,QB
2014,5,164,A.J. McCarron,QB
2014,5,165,Ryan Carrethers,DT
2014,5,166,Jonathan Newsome,LB
2014,5,167,Vinnie Sunseri,DB
2014,5,168,Marquis Spruill,LB
2014,5,169,Ronald Powell,LB
2014,5,170,Keith Reaser,DB
2014,5,171,Jordan Tripp,LB
2014,5,172,Jimmy Staten,DT
2014,5,173,Wesley Johnson,OL
2014,5,174,Devon Kennard,DE
2014,5,175,John Urschel,OG
2014,5,176,Jared Abbrederis,WR
2014,6,177,Jeoffrey Pagan,DE
2014,6,178,Zach Mettenberger,QB
2014,6,179,Jon Halapio,OL
2014,6,180,Kenneth Acker,DB
2014,6,181,Alfred Blue,RB
2014,6,182,Antone Exum,DB
2014,6,183,David Fales,QB
2014,6,184,Kendall James,DB
2014,6,185,Robert Herron,WR
2014,6,186,Lache Seastrunk,RB
2014,6,187,Bennett Jackson,DB
2014,6,188,E.J. Gaines,DB
2014,6,189,T.J. Jones,WR
2014,6,190,Matt Hazel,WR
2014,6,191,Pat O'Donnell,P
2014,6,192,Jordan Zumwalt,LB
2014,6,193,Zach Fulton,OG
2014,6,194,Keith Wenning,QB
2014,6,195,Brandon Dixon,DB
2014,6,196,Walt Powell,WR
2014,6,197,Demetri Goodson,DB
2014,6,198,Zach Moore,DE
2014,6,199,Garrett Scott,OL
2014,6,200,Laurent Duvernay-Tardif,OL
2014,6,201,Marion Grice,RB
2014,6,202,Tavon Rooks,OL
2014,6,203,Andrew Jackson,LB
2014,6,204,Tyler Gaffney,RB
2014,6,205,Luke Bowanko,C
2014,6,206,Jemea Thomas,DB
2014,6,207,Matt Paradis,OL
2014,6,208,Eric Pinkins,DB
2014,6,209,Quincy Enunwa,WR
2014,6,210,IK Enemkpali,DT
2014,6,211,Jay Prosch,FB
2014,6,212,Marquis Flowers,LB
2014,6,213,Tajh Boyd,QB
2014,6,214,Garrett Gilbert,QB
2014,6,215,Daniel McCullers,DT
2014,7,216,Andre Hal,DB
2014,7,217,Ted Bolser,TE
2014,7,218,Michael Campanaro,WR
2014,7,219,T.J. Carrie,DB
2014,7,220,Shamar Stephen,DT
2014,7,221,Randell Johnson,LB
2014,7,222,Storm Johnson,RB
2014,7,223,Brandon Watts,LB
2014,7,224,Beau Allen,DT
2014,7,225,Jabari Price,DB
2014,7,226,Mitchell Van Dyk,OL
2014,7,227,Kiero Small,RB
2014,7,228,Zach Hocker,K
2014,7,229,Nate Freese,K
2014,7,230,Rob Blanchflower,TE
2014,7,231,Ben Gardner,DE
2014,7,232,Ulrick John,OL
2014,7,233,Trevor Reilly,LB
2014,7,234,Terrence Fede,DE
2014,7,235,Shelby Harris,DE
2014,7,236,Jeff Janis,WR
2014,7,237,Seantrel Henderson,OL
2014,7,238,Will Smith,LB
2014,7,239,James Wright,WR
2014,7,240,Tevin Reese,WR
2014,7,241,C.B. Bryant,DB
2014,7,242,Corey Nelson,LB
2014,7,243,Kaleb Ramsey,DE
2014,7,244,Jeremy Gallon,WR
2014,7,245,Trey Millard,FB
2014,7,246,Charles Leno Jr.,OT
2014,7,247,Jonathan Dowling,DB
2014,7,248,Ahmad Dixon,DB
2014,7,249,Michael Sam,DE
2014,7,250,Demetrius Rhaney,OL
2014,7,251,Ken Bishop,DT
2014,7,252,Lavelle Westbrooks,DB
2014,7,253,Yawin Smallwood,LB
2014,7,254,Terrance Mitchell,DB
2014,7,255,Tyler Starr,LB
2014,7,256,Lonnie Ballentine,DB
2015,1,1,Jameis Winston,QB
2015,1,2,Marcus Mariota,QB
2015,1,3,Dante Fowler,OLB
2015,1,4,Amari Cooper,WR
2015,1,5,Brandon Scherff,OT
2015,1,6,Leonard Williams,DE
2015,1,7,Kevin White,WR
2015,1,8,Vic Beasley,OLB
2015,1,9,Ereck Flowers,OT
2015,1,10,Todd Gurley,RB
2015,1,11,Trae Waynes,CB
2015,1,12,Danny Shelton,NT
2015,1,13,Andrus Peat,OT
2015,1,14,DeVante Parker,WR
2015,1,15,Melvin Gordon,RB
2015,1,16,Kevin Johnson,CB
2015,1,17,Arik Armstead,DT
2015,1,18,Marcus Peters,CB
2015,1,19,Cameron Erving,C
2015,1,20,Nelson Agholor,WR
2015,1,21,Cedric Ogbuehi,OT
2015,1,22,Bud Dupree,OLB
2015,1,23,Shane Ray,DE
2015,1,24,D.J. Humphries,OT
2015,1,25,Shaq Thompson,OLB
2015,1,26,Breshad Perriman,WR
2015,1,27,Byron Jones,CB
2015,1,28,Laken Tomlinson,OG
2015,1,29,Phillip Dorsett,WR
2015,1,30,Damarious Randall,S
2015,1,31,Stephone Anthony,ILB
2015,1,32,Malcom Brown,DT
2015,2,33,Landon Collins,S
2015,2,34,Donovan Smith,OT
2015,2,35,Mario Edwards,DT
2015,2,36,T.J. Yeldon,RB
2015,2,37,Devin Smith,WR
2015,2,38,Preston Smith,DE
2015,2,39,Eddie Goldman,DT
2015,2,40,Dorial Green-Beckham,WR
2015,2,41,Devin Funchess,TE
2015,2,42,Jalen Collins,CB
2015,2,43,Benardrick McKinney,ILB
2015,2,44,Hau'oli Kikaha,OLB
2015,2,45,Eric Kendricks,ILB
2015,2,46,Jaquiski Tartt,S
2015,2,47,Eric Rowe,CB
2015,2,48,Denzel Perryman,ILB
2015,2,49,Mitch Morse,OG
2015,2,50,Ronald Darby,CB
2015,2,51,Nate Orchard,DE
2015,2,52,Jordan Phillips,NT
2015,2,53,Jake Fisher,OT
2015,2,54,Ameer Abdullah,RB
2015,2,55,Maxx Williams,TE
2015,2,56,Senquez Golson,CB
2015,2,57,Rob Havenstein,OT
2015,2,58,Markus Golden,DE
2015,2,59,Ty Sambrailo,OT
2015,2,60,Randy Gregory,OLB
2015,2,61,Ali Marpet,C
2015,2,62,Quinten Rollins,CB
2015,2,63,Frank Clark,DE
2015,2,64,Jordan Richards,S
2015,3,65,D'Joun Smith,CB
2015,3,66,Jeremiah Poutasi,OG
2015,3,67,A.J. Cann,OG
2015,3,68,Clive Walford,TE
2015,3,69,Tyler Lockett,WR
2015,3,70,Jaelen Strong,WR
2015,3,71,Hroniss Grasu,C
2015,3,72,Jamon Brown,OT
2015,3,73,Tevin Coleman,RB
2015,3,74,Owamagbe Odighizuwa,DE
2015,3,75,Garrett Grayson,QB
2015,3,76,Chris Conley,WR
2015,3,77,Duke Johnson,RB
2015,3,78,P.J. Williams,CB
2015,3,79,Eli Harold,OLB
2015,3,80,Alex Carter,CB
2015,3,81,John Miller,OG
2015,3,82,Lorenzo Mauldin,OLB
2015,3,83,Craig Mager,CB
2015,3,84,Jordan Hicks,OLB
2015,3,85,Tyler Kroft,TE
2015,3,86,David Johnson,RB
2015,3,87,Sammie Coates,WR
2015,3,88,Danielle Hunter,DE
2015,3,89,Sean Mannion,QB
2015,3,90,Carl Davis,DT
2015,3,91,Chaz Green,OT
2015,3,92,Jeff Heuerman,TE
2015,3,93,Henry Anderson,DE
2015,3,94,Ty Montgomery,WR
2015,3,95,Matt Jones,RB
2015,3,96,Xavier Cooper,DT
2015,3,97,Geneo Grissom,DE
2015,3,98,Steven Nelson,CB
2015,3,99,Paul Dawson,ILB
2015,4,100,Angelo Blackson,DT
2015,4,101,Trey Flowers,DE
2015,4,102,Daryl Williams,OG
2015,4,103,Bryce Petty,QB
2015,4,104,James Sample,S
2015,4,105,Jamison Crowder,WR
2015,4,106,Jeremy Langford,RB
2015,4,107,Justin Hardy,WR
2015,4,108,Jalston Fowler,FB
2015,4,109,Clayton Geathers,S
2015,4,110,T.J. Clemmings,OT
2015,4,111,Tre' Jackson,OG
2015,4,112,Arie Kouandjio,OG
2015,4,113,Gabe Wright,DT
2015,4,114,Jamil Douglas,OG
2015,4,115,Ibraheim Campbell,S
2015,4,116,Rodney Gunter,DT
2015,4,117,Blake Bell,TE
2015,4,118,Ramik Wilson,ILB
2015,4,119,Andrew Donnal,OT
2015,4,120,Josh Shaw,CB
2015,4,121,Doran Grant,CB
2015,4,122,Za'Darius Smith,DE
2015,4,123,Vince Mayle,WR
2015,4,124,Kwon Alexander,OLB
2015,4,125,Javorius Allen,RB
2015,4,126,Mike Davis,RB
2015,4,127,Damien Wilson,ILB
2015,4,128,Jon Feliciano,OG
2015,4,129,Jake Ryan,OLB
2015,4,130,Terry Poole,OG
2015,4,131,Shaq Mason,C
2015,4,132,DeAndre Smelter,WR
2015,4,133,Max Garcia,C
2015,4,134,Mark Glowinski,OG
2015,4,135,Marcus Hardison,DE
2015,4,136,Tray Walker,CB
2015,5,137,Grady Jarrett,NT
2015,5,138,David Cobb,RB
2015,5,139,Rashad Greene,WR
2015,5,140,Ben Heeney,ILB
2015,5,141,Martrell Spaight,OLB
2015,5,142,Adrian Amos,S
2015,5,143,MyCole Pruitt,TE
2015,5,144,Mykkele Thompson,S
2015,5,145,Bobby McCain,CB
2015,5,146,Stefon Diggs,WR
2015,5,147,Brett Hundley,QB
2015,5,148,Davis Tull,OLB
2015,5,149,Jay Ajayi,RB
2015,5,150,Cedric Thompson,S
2015,5,151,David Parry,NT
2015,5,152,Jarvis Harrison,OG
2015,5,153,Kyle Emanuel,OLB
2015,5,154,Tyeler Davison,DT
2015,5,155,Karlos Williams,RB
2015,5,156,Tony Lippett,WR
2015,5,157,C.J. Uzomah,TE
2015,5,158,Shaquille Riddick,DE
2015,5,159,JJ Nelson,WR
2015,5,160,Jesse James,TE
2015,5,161,Neiron Ball,OLB
2015,5,162,Kenny Bell,WR
2015,5,163,Ryan Russell,DE
2015,5,164,Lorenzo Doss,CB
2015,5,165,Bradley Pinion,P
2015,5,166,Joe Cardona,LS
2015,5,167,Damian Swann,CB
2015,5,168,Michael Burton,FB
2015,5,169,David Mayo,LB
2015,5,170,Tye Smith,CB
2015,5,171,Nick Boyle,TE
2015,5,172,D.J. Alexander,OLB
2015,5,173,James O'Shaughnessy,TE
2015,5,174,Cameron Artis-Payne,RB
2015,5,175,Keith Mumphery,WR
2015,5,176,Robert Myers,OG
2015,6,177,Deiontrez Mount,OLB
2015,6,178,Matthew Wells,LB
2015,6,179,Max Valles,OLB
2015,6,180,Michael Bennett,DT
2015,6,181,Kyshoen Jarrett,S
2015,6,182,Tevin Mitchel,CB
2015,6,183,Tayo Fabuluje,OT
2015,6,184,Kaelin Clay,WR
2015,6,185,Tyrus Thompson,OT
2015,6,186,Geremy Davis,WR
2015,6,187,Evan Spencer,WR
2015,6,188,Tony Steward,OLB
2015,6,189,Charles Gaines,CB
2015,6,190,Ian Silberman,OG
2015,6,191,JaCorey Shepherd,CB
2015,6,192,Darius Philon,DT
2015,6,193,B.J. Dubose,DE
2015,6,194,Nick O'Leary,TE
2015,6,195,Malcolm Johnson,TE
2015,6,196,Randall Evans,CB
2015,6,197,Derron Smith,S
2015,6,198,Randall Telfer,TE
2015,6,199,Leterrius Walton,DT
2015,6,200,Quandre Diggs,CB
2015,6,201,Bud Sasser,WR
2015,6,202,A.J. Derby,TE
2015,6,203,Darius Kilgo,NT
2015,6,204,Darren Waller,WR
2015,6,205,Josh Robinson,RB
2015,6,206,Aaron Ripkowski,FB
2015,6,207,Amarlo Herrera,ILB
2015,6,208,Andy Gallik,C
2015,6,209,Obum Gwacham,DE
2015,6,210,Christian Ringo,DE
2015,6,211,Reshard Cliett,OLB
2015,6,212,Anthony Chickillo,DE
2015,6,213,Kennard Backman,TE
2015,6,214,Kristjan Sokoli,DT
2015,6,215,Cody Wichmann,OG
2015,6,216,Christian Covington,DT
2015,6,217,Rakeem Nunez-Roches,DT
2015,7,218,Anthony Morris,OL
2015,7,219,Hayes Pullard,ILB
2015,7,220,Neal Sterling,WR
2015,7,221,Andre Debose,WR
2015,7,222,Austin Reiter,C
2015,7,223,Deon Simon,NT
2015,7,224,Bryce Hager,ILB
2015,7,225,Jake Rodgers,OT
2015,7,226,Bobby Hart,OG
2015,7,227,Martin Ifedi,DE
2015,7,228,Austin Shepherd,OT
2015,7,229,Ben Koyack,TE
2015,7,230,Marcus Murphy,RB
2015,7,231,Joey Iosefa,FB
2015,7,232,Edmond Robinson,OLB
2015,7,233,Da'Ron Brown,WR
2015,7,234,Dezmin Lewis,WR
2015,7,235,Kenny Hilliard,RB
2015,7,236,Mark Nzeocha,OLB
2015,7,237,Brian Mihalik,DE
2015,7,238,Mario Alford,WR
2015,7,239,Gerod Holliman,S
2015,7,240,Corey Robinson,OT
2015,7,241,Ifo Ekpre-Olomu,CB
2015,7,242,Dexter McDonald,CB
2015,7,243,Laurence Gibson,OT
2015,7,244,Trent Brown,OG
2015,7,245,Tre McBride,WR
2015,7,246,Geoff Swaim,TE
2015,7,247,Darryl Roberts,CB
2015,7,248,Ryan Murphy,DB
2015,7,249,Akeem King,DB
2015,7,250,Trevor Siemian,QB
2015,7,251,Taurean Nixon,DB
2015,7,252,Josh Furman,DB
2015,7,253,Xzavier Dickson,OLB
2015,7,254,Rory Anderson,TE
2015,7,255,Denzelle Good,OT
2015,7,256,Gerald Christian,TE
2016,1,1,Jared Goff,QB
2016,1,2,Carson Wentz,QB
2016,1,3,Joey Bosa,DE
2016,1,4,Ezekiel Elliott,RB
2016,1,5,Jalen Ramsey,CB
2016,1,6,Ronnie Stanley,OT
2016,1,7,DeForest Buckner,DE
2016,1,8,Jack Conklin,OT
2016,1,9,Leonard Floyd,OLB
2016,1,10,Eli Apple,CB
2016,1,11,Vernon Hargreaves III,CB
2016,1,12,Sheldon Rankins,DT
2016,1,13,Laremy Tunsil,OT
2016,1,14,Karl Joseph,S
2016,1,15,Corey Coleman,WR
2016,1,16,Taylor Decker,OT
2016,1,17,Keanu Neal,S
2016,1,18,Ryan Kelly,C
2016,1,19,Shaq Lawson,DE
2016,1,20,Darron Lee,OLB
2016,1,21,Will Fuller,WR
2016,1,22,Josh Doctson,WR
2016,1,23,Laquon Treadwell,WR
2016,1,24,William Jackson III,CB
2016,1,25,Artie Burns,CB
2016,1,26,Paxton Lynch,QB
2016,1,27,Kenny Clark,DT
2016,1,28,Joshua Garnett,OG
2016,1,29,Robert Nkemdiche,DT
2016,1,30,Vernon Butler,DT
2016,1,31,Germain Ifedi,OG
2016,2,32,Emmanuel Ogbah,DE
2016,2,33,Kevin Dodd,DE
2016,2,34,Jaylon Smith,OLB
2016,2,35,Hunter Henry,TE
2016,2,36,Myles Jack,OLB
2016,2,37,Chris Jones,DT
2016,2,38,Xavien Howard,CB
2016,2,39,Noah Spence,DE
2016,2,40,Sterling Shepard,WR
2016,2,41,Reggie Ragland,ILB
2016,2,42,Kamalei Correa,DE
2016,2,43,Austin Johnson,NT
2016,2,44,Jihad Ward,DE
2016,2,45,Derrick Henry,RB
2016,2,46,A'Shawn Robinson,DT
2016,2,47,Michael Thomas,WR
2016,2,48,Jason Spriggs,OT
2016,2,49,Jarran Reed,DT
2016,2,50,Nick Martin,OG
2016,2,51,Christian Hackenberg,QB
2016,2,52,Deion Jones,OLB
2016,2,53,Su'a Cravens,OLB
2016,2,54,Mackensie Alexander,CB
2016,2,55,Tyler Boyd,WR
2016,2,56,Cody Whitehair,OG
2016,2,57,T.J. Green,S
2016,2,58,Sean Davis,CB
2016,2,59,Roberto Aguayo,K
2016,2,60,Cyrus Jones,CB
2016,2,61,Vonn Bell,S
2016,2,62,James Bradberry,CB
2016,2,63,Adam Gotsis,DT
2016,3,64,Kevin Byard,S
2016,3,65,Carl Nassib,DE
2016,3,66,Max Tuerk,C
2016,3,67,Maliek Collins,DT
2016,3,68,Will Redmond,CB
2016,3,69,Yannick Ngakoue,DE
2016,3,70,Bronson Kaufusi,DE
2016,3,71,Darian Thompson,S
2016,3,72,Jonathan Bullard,DT
2016,3,73,Kenyan Drake,RB
2016,3,74,KeiVarae Russell,CB
2016,3,75,Shilique Calhoun,DE
2016,3,76,Shon Coleman,OT
2016,3,77,Daryl Worley,CB
2016,3,78,Joe Thuney,OG
2016,3,79,Isaac Seumalo,OG
2016,3,80,Adolphus Washington,DT
2016,3,81,Austin Hooper,TE
2016,3,82,Le'Raven Clark,OT
2016,3,83,Jordan Jenkins,OLB
2016,3,84,Kendall Fuller,CB
2016,3,85,Braxton Miller,WR
2016,3,86,Leonte Carroo,WR
2016,3,87,Nick Vigil,ILB
2016,3,88,Kyler Fackrell,OLB
2016,3,89,Javon Hargrave,DT
2016,3,90,C.J. Prosise,RB
2016,3,91,Jacoby Brissett,QB
2016,3,92,Brandon Williams,CB
2016,3,93,Cody Kessler,QB
2016,3,94,Nick Vannett,TE
2016,3,95,Graham Glasgow,C
2016,3,96,Vincent Valentine,DT
2016,3,97,Rees Odhiambo,OG
2016,3,98,Justin Simmons,S
2016,4,99,Joe Schobert,OLB
2016,4,100,Connor Cook,QB
2016,4,101,Charles Tapper,DE
2016,4,102,Joshua Perry,ILB
2016,4,103,Sheldon Day,DT
2016,4,104,Tavon Young,CB
2016,4,105,Parker Ehinger,OG
2016,4,106,Eric Murray,CB
2016,4,107,Chris Moore,WR
2016,4,108,Ryan Smith,CB
2016,4,109,B.J. Goodson,OLB
2016,4,110,Tyler Higbee,TE
2016,4,111,Miles Killebrew,S
2016,4,112,Malcolm Mitchell,WR
2016,4,113,Nick Kwiatkoski,ILB
2016,4,114,Ricardo Louis,WR
2016,4,115,De'Vondre Campbell,OLB
2016,4,116,Hassan Ridgeway,DT
2016,4,117,Pharoh Cooper,WR
2016,4,118,Juston Burris,CB
2016,4,119,Tyler Ervin,RB
2016,4,120,David Onyemata,DT
2016,4,121,Willie Beavers,OT
2016,4,122,Andrew Billings,NT
2016,4,123,Jerald Hawkins,OT
2016,4,124,Deon Bush,S
2016,4,125,Antonio Morrison,ILB
2016,4,126,Demarcus Robinson,WR
2016,4,127,Deiondre' Hall,CB
2016,4,128,Evan Boehm,C
2016,4,129,Derrick Kindred,S
2016,4,130,Alex Lewis,OT
2016,4,131,Blake Martinez,LB
2016,4,132,Willie Henry,DT
2016,4,133,Rashard Robinson,CB
2016,4,134,Kenneth Dixon,RB
2016,4,135,Dak Prescott,QB
2016,4,136,Devontae Booker,RB
2016,4,137,Dean Lowry,DE
2016,4,138,Seth Devalve,TE
2016,4,139,Cardale Jones,QB
2016,5,140,Tajae Sharpe,WR
2016,5,141,Zack Sanchez,CB
2016,5,142,Ronald Blair,DE
2016,5,143,DeAndre Washington,RB
2016,5,144,Connor McGovern,OG
2016,5,145,John Theus,OT
2016,5,146,Matt Judon,DE
2016,5,147,Quinton Jefferson,DT
2016,5,148,Caleb Benenoch,OT
2016,5,149,Paul Perkins,RB
2016,5,150,Jordan Howard,RB
2016,5,151,Joe Dahl,OG
2016,5,152,Matthew Ioannidis,DT
2016,5,153,Wendell Smallwood,RB
2016,5,154,Jordan Payton,WR
2016,5,155,Joe Haeg,OT
2016,5,156,Jonathan Williams,RB
2016,5,157,LeShaun Sims,CB
2016,5,158,Brandon Shell,OT
2016,5,159,K.J. Dillon,S
2016,5,160,Kentrell Brothers,OLB
2016,5,161,Christian Westerman,OG
2016,5,162,Kevin Hogan,QB
2016,5,163,Trevor Davis,WR
2016,5,164,Halapoulivaati Vaitai,OT
2016,5,165,Tyreek Hill,WR
2016,5,166,D.J. Reader,NT
2016,5,167,Marqui Christian,S
2016,5,168,Spencer Drango,OG
2016,5,169,Antwione Williams,LB
2016,5,170,Cole Toner,OT
2016,5,171,Alex Collins,RB
2016,5,172,Rashard Higgins,WR
2016,5,173,Trey Caldwell,DB
2016,5,174,Fahn Cooper,OT
2016,5,175,Jatavis Brown,OLB
2016,6,176,Andy Janovich,FB
2016,6,177,Temarrick Hemingway,TE
2016,6,178,D.J. White,CB
2016,6,179,Drew Kaser,P
2016,6,180,Moritz Boehringer,WR
2016,6,181,Tyrone Holmes,OLB
2016,6,182,Keenan Reynolds,RB
2016,6,183,Devante Bond,OLB
2016,6,184,Jerell Adams,TE
2016,6,185,DeAndre Houston-Carson,S
2016,6,186,Jakeem Grant,WR
2016,6,187,Nate Sudfeld,QB
2016,6,188,David Morgan,TE
2016,6,189,Anthony Brown,CB
2016,6,190,Josh Forrest,ILB
2016,6,191,Jake Rudock,QB
2016,6,192,Kolby Listenbee,WR
2016,6,193,Sebastian Tretola,OG
2016,6,194,Cory James,OLB
2016,6,195,Wes Schweitzer,OG
2016,6,196,Blake Countess,CB
2016,6,197,Danny Vitale,FB
2016,6,198,Derek Watt,FB
2016,6,199,Cody Core,WR
2016,6,200,Kyle Murphy,OT
2016,6,201,Brandon Allen,QB
2016,6,202,Anthony Zettel,DT
2016,6,203,Dadi Nicolas,DE
2016,6,204,Jordan Lucas,S
2016,6,205,Harlan Miller,CB
2016,6,206,Mike Thomas,WR
2016,6,207,Jeff Driskel,QB
2016,6,208,Kamu Grugier-Hill,OLB
2016,6,209,Maurice Canady,CB
2016,6,210,Jimmy Landes,LS
2016,6,211,Kelvin Taylor,RB
2016,6,212,Kavon Frazier,S
2016,6,213,Aaron Burbridge,WR
2016,6,214,Elandon Roberts,ILB
2016,6,215,Joey Hunt,C
2016,6,216,Darius Jackson,RB
2016,6,217,Rico Gathers,TE
2016,6,218,Kevon Seymour,CB
2016,6,219,Will Parks,S
2016,6,220,Travis Feeney,OLB
2016,6,221,Ted Karras,OG
2016,7,222,Aaron Wallace,OLB
2016,7,223,Brandon Doughty,QB
2016,7,224,Donavon Clark,OG
2016,7,225,Devin Lucien,WR
2016,7,226,Jonathan Woodard,DE
2016,7,227,Stephen Weatherly,OLB
2016,7,228,Riley Dixon,P
2016,7,229,Demarcus Ayers,WR
2016,7,230,Daniel Braverman,WR
2016,7,231,Thomas Duarte,TE
2016,7,232,Steven Daniels,ILB
2016,7,233,Jalen Mills,S
2016,7,234,Vadal Alexander,OG
2016,7,235,Lac Edwards,P
2016,7,236,Dwayne Washington,RB
2016,7,237,Daniel Lasco,RB
2016,7,238,Devin Fuller,WR
2016,7,239,Trevor Bates,LB
2016,7,240,Alex McCalister,DE
2016,7,241,Charone Peake,WR
2016,7,242,Keith Marshall,RB
2016,7,243,Kenny Lawler,WR
2016,7,244,Jayron Kearse,S
2016,7,245,Clayton Fejedelem,S
2016,7,246,Tyler Matakevich,OLB
2016,7,247,Zac Brooks,RB
2016,7,248,Austin Blythe,C
2016,7,249,Prince Charles Iworah,CB
2016,7,250,Scooby Wright III,ILB
2016,7,251,Joe Walker,ILB
2016,7,252,Beau Sandland,TE
2016,7,253,Kalan Reed,CB
2017,1,1,Myles Garrett,DE
2017,1,2,Mitchell Trubisky,QB
2017,1,3,Solomon Thomas,DE
2017,1,4,Leonard Fournette,RB
2017,1,5,Corey Davis,WR
2017,1,6,Jamal Adams,S
2017,1,7,Mike Williams,WR
2017,1,8,Christian McCaffrey,RB
2017,1,9,John Ross,WR
2017,1,10,Patrick Mahomes,QB
2017,1,11,Marshon Lattimore,CB
2017,1,12,Deshaun Watson,QB
2017,1,13,Haason Reddick,LB
2017,1,14,Derek Barnett,DE
2017,1,15,Malik Hooker,S
2017,1,16,Marlon Humphrey,CB
2017,1,17,Jonathan Allen,DE
2017,1,18,Adoree' Jackson,CB
2017,1,19,O.J. Howard,TE
2017,1,20,Garett Bolles,OT
2017,1,21,Jarrad Davis,LB
2017,1,22,Charles Harris,OLB
2017,1,23,Evan Engram,TE
2017,1,24,Gareon Conley,CB
2017,1,25,Jabrill Peppers,S
2017,1,26,Takkarist McKinley,DE
2017,1,27,Tre'Davious White,CB
2017,1,28,Taco Charlton,DE
2017,1,29,David Njoku,TE
2017,1,30,T.J. Watt,OLB
2017,1,31,Reuben Foster,LB
2017,1,32,Ryan Ramczyk,OT
2017,2,33,Kevin King,CB
2017,2,34,Cam Robinson,OT
2017,2,35,Malik McDowell,DT
2017,2,36,Budda Baker,S
2017,2,37,Zay Jones,WR
2017,2,38,Forrest Lamp,OG
2017,2,39,Marcus Maye,S
2017,2,40,Curtis Samuel,WR
2017,2,41,Dalvin Cook,RB
2017,2,42,Marcus Williams,S
2017,2,43,Sidney Jones,CB
2017,2,44,Gerald Everett,TE
2017,2,45,Adam Shaheen,TE
2017,2,46,Quincy Wilson,CB
2017,2,47,Tyus Bowser,OLB
2017,2,48,Joe Mixon,RB
2017,2,49,Ryan Anderson,OLB
2017,2,50,Justin Evans,S
2017,2,51,DeMarcus Walker,DE
2017,2,52,DeShone Kizer,QB
2017,2,53,Teez Tabor,CB
2017,2,54,Raekwon McMillan,LB
2017,2,55,Dalvin Tomlinson,DT
2017,2,56,Obi Melifonwu,S
2017,2,57,Zach Cunningham,LB
2017,2,58,Ethan Pocic,C
2017,2,59,Tanoh Kpassagnon,DE
2017,2,60,Chidobe Awuzie,CB
2017,2,61,Josh Jones,S
2017,2,62,JuJu Smith-Schuster,WR
2017,2,63,Dion Dawkins,OG
2017,2,64,Taylor Moton,OG
2017,3,65,Larry Ogunjobi,DT
2017,3,66,Ahkello Witherspoon,CB
2017,3,67,Alvin Kamara,RB
2017,3,68,Dawuane Smoot,DE
2017,3,69,Cooper Kupp,WR
2017,3,70,Pat Elflein,C
2017,3,71,Dan Feeney,OG
2017,3,72,Taywan Taylor,WR
2017,3,73,Jordan Willis,OLB
2017,3,74,Chris Wormley,DE
2017,3,75,Duke Riley,LB
2017,3,76,Alex Anzalone,LB
2017,3,77,Daeshon Hall,DE
2017,3,78,Tim Williams,OLB
2017,3,79,ArDarius Stewart,WR
2017,3,80,Tarell Basham,DE
2017,3,81,Fabian Moreau,CB
2017,3,82,Carlos Henderson,WR
2017,3,83,Derek Rivers,DE
2017,3,84,Chris Godwin,WR
2017,3,85,Antonio Garcia,OT
2017,3,86,Kareem Hunt,RB
2017,3,87,Davis Webb,QB
2017,3,88,Eddie Vanderdoes,DT
2017,3,89,D'Onta Foreman,RB
2017,3,90,Shaquill Griffin,DB
2017,3,91,John Johnson,S
2017,3,92,Jourdan Lewis,CB
2017,3,93,Montravius Adams,DT
2017,3,94,Cameron Sutton,CB
2017,3,95,Lano Hill,S
2017,3,96,Kenny Golladay,WR
2017,3,97,Cordrea Tankersley,CB
2017,3,98,Chad Williams,WR
2017,3,99,Rasul Douglas,CB
2017,3,100,Jonnu Smith,TE
2017,3,101,Brendan Langley,CB
2017,3,102,Nazair Jones,DT
2017,3,103,Trey Hendrickson,OLB
2017,3,104,C.J. Beathard,QB
2017,3,105,James Conner,RB
2017,3,106,Amara Darboh,WR
2017,3,107,Kendell Beckwith,ILB
2017,4,108,Vince Biegel,LB
2017,4,109,Jaleel Johnson,DT
2017,4,110,Dede Westbrook,WR
2017,4,111,Tedric Thompson,S
2017,4,112,Eddie Jackson,S
2017,4,113,Rayshawn Jenkins,S
2017,4,114,Samaje Perine,RB
2017,4,115,Dorian Johnson,OG
2017,4,116,Carl Lawson,OLB
2017,4,117,Josh Reynolds,WR
2017,4,118,Mack Hollins,WR
2017,4,119,Tarik Cohen,RB
2017,4,120,Ben Gedeon,ILB
2017,4,121,Joe Williams,RB
2017,4,122,Nico Siragusa,OG
2017,4,123,Montae Nicholson,S
2017,4,124,Jalen Reeves-Maybin,LB
2017,4,125,Samson Ebukam,OLB
2017,4,126,Howard Wilson,CB
2017,4,127,Michael Roberts,TE
2017,4,128,Josh Malone,WR
2017,4,129,David Sharpe,OT
2017,4,130,Julién Davenport,OT
2017,4,131,Deatrich Wise Jr.,DE
2017,4,132,Donnel Pumphrey,RB
2017,4,133,Ryan Switzer,WR
2017,4,134,Jamaal Williams,RB
2017,4,135,Joshua Dobbs,QB
2017,4,136,Sean Harlow,OG
2017,4,137,Zach Banner,OT
2017,4,138,Ryan Glasgow,DT
2017,4,139,Jehu Chesson,WR
2017,4,140,Wayne Gallman,RB
2017,4,141,Chad Hansen,WR
2017,4,142,Carlos Watkins,DT
2017,4,143,Marlon Mack,RB
2017,4,144,Grover Stewart,DT
2017,5,145,Jake Butt,TE
2017,5,146,George Kittle,TE
2017,5,147,Jordan Morgan,OG
2017,5,148,Blair Brown,LB
2017,5,149,Damontae Kazee,CB
2017,5,150,Jordan Leggett,TE
2017,5,151,Desmond King,S
2017,5,152,Corn Elder,CB
2017,5,153,Jake Elliott,K
2017,5,154,Jeremy Sprinkle,TE
2017,5,155,Jayon Brown,LB
2017,5,156,Brian Hill,RB
2017,5,157,Will Holden,OT
2017,5,158,Nate Hairston,CB
2017,5,159,Jermaine Eluemunor,OG
2017,5,160,Roderick Johnson,OT
2017,5,161,Anthony Walker,LB
2017,5,162,Jeremy McNichols,RB
2017,5,163,Matt Milano,LB
2017,5,164,Isaac Asiata,OG
2017,5,165,Jamal Agnew,CB
2017,5,166,Shelton Gibson,WR
2017,5,167,Avery Moss,DE
2017,5,168,Marquel Lee,LB
2017,5,169,Treston Decoud,S
2017,5,170,Rodney Adams,WR
2017,5,171,Nathan Peterman,QB
2017,5,172,Isaiah McKenzie,WR
2017,5,173,Brian Allen,DB
2017,5,174,Eric Saubert,TE
2017,5,175,DeAngelo Yancey,WR
2017,5,176,JJ Dielman,C
2017,5,177,Trent Taylor,WR
2017,5,178,Davon Godchaux,DT
2017,5,179,T.J. Logan,RB
2017,5,180,Danny Isidora,OG
2017,5,181,Dylan Donahue,DL
2017,5,182,Aaron Jones,RB
2017,5,183,Ukeme Eligwe,LB
2017,5,184,Nathan Gerry,S
2017,6,185,Caleb Brantley,DT
2017,6,186,Chuck Clark,DB
2017,6,187,Michael Tyson,S
2017,6,188,Elijah McGuire,RB
2017,6,189,Tanzel Smart,DT
2017,6,190,Sam Tevi,OT
2017,6,191,Xavier Woods,S
2017,6,192,Alex Armah,FB
2017,6,193,Jordan Evans,LB
2017,6,194,Vincent Taylor,DT
2017,6,195,Tanner Vallejo,LB
2017,6,196,Al-Quadin Muhammad,DE
2017,6,197,Jeremy Clark,CB
2017,6,198,D.J. Jones,DT
2017,6,199,Chase Roullier,C
2017,6,200,Adam Bisnowaty,OT
2017,6,201,Bucky Hodges,TE
2017,6,202,Pita Taumoepenu,OLB
2017,6,203,De'Angelo Henderson,RB
2017,6,204,Derrick Jones,CB
2017,6,205,Jeremiah Ledbetter,DE
2017,6,206,Sam Rogers,FB
2017,6,207,Brandon Wilson,RB
2017,6,208,Rudy Ford,S
2017,6,209,Robert Davis,WR
2017,6,210,Justin Senior,OT
2017,6,211,Conor McDermott,OT
2017,6,212,Kofi Amichia,C
2017,6,213,Colin Holba,LS
2017,6,214,Elijah Qualls,DT
2017,6,215,Brad Kaaya,QB
2017,6,216,Marquez White,CB
2017,6,217,Corey Levin,OL
2017,6,218,Leon McQuay,S
2017,7,219,Stacy Coley,WR
2017,7,220,Ifeadi Odenigbo,DL
2017,7,221,Shalom Luani,S
2017,7,222,Jalen Myrick,CB
2017,7,223,Stevie Tu'ikolovatu,NT
2017,7,224,Zane Gonzalez,K
2017,7,225,Isaac Rochell,DT
2017,7,226,David Moore,WR
2017,7,227,Josh Carraway,OLB
2017,7,228,Joey Ivie,DT
2017,7,229,Adrian Colbert,DB
2017,7,230,Josh Harvey-Clemons,S
2017,7,231,Jylan Ware,OT
2017,7,232,Elijah Lee,LB
2017,7,233,Harrison Butker,K
2017,7,234,Ejuan Price,DE
2017,7,235,Joshua Holsey,DB
2017,7,236,Brad Seaton,OT
2017,7,237,Isaiah Ford,WR
2017,7,238,Devante Mays,RB
2017,7,239,Noah Brown,WR
2017,7,240,Marquez Williams,FB
2017,7,241,Khalfani Muhammad,RB
2017,7,242,Elijah Hood,RB
2017,7,243,Kyle Fuller,C
2017,7,244,Treyvon Hester,DT
2017,7,245,Jack Tocho,CB
2017,7,246,Jordan Carrell,DT
2017,7,247,Malachi Dupre,WR
2017,7,248,Keion Adams,OLB
2017,7,249,Chris Carson,RB
2017,7,250,Pat O'Connor,DE
2017,7,251,Mason Schreck,TE
2017,7,252,Matthew Dayes,RB
2017,7,253,Chad Kelly,QB
2018,1,1,Baker Mayfield,QB
2018,1,2,Saquon Barkley,RB
2018,1,3,Sam Darnold,QB
2018,1,4,Denzel Ward,CB
2018,1,5,Bradley Chubb,DE
2018,1,6,Quenton Nelson,OG
2018,1,7,Josh Allen,QB
2018,1,8,Roquan Smith,ILB
2018,1,9,Mike McGlinchey,OT
2018,1,10,Josh Rosen,QB
2018,1,11,Minkah Fitzpatrick,S
2018,1,12,Vita Vea,DT
2018,1,13,Daron Payne,DT
2018,1,14,Marcus Davenport,DE
2018,1,15,Kolton Miller,OT
2018,1,16,Tremaine Edmunds,ILB
2018,1,17,Derwin James,S
2018,1,18,Jaire Alexander,CB
2018,1,19,Leighton Vander Esch,OLB
2018,1,20,Frank Ragnow,C
2018,1,21,Billy Price,C
2018,1,22,Rashaan Evans,ILB
2018,1,23,Isaiah Wynn,OT
2018,1,24,D.J. Moore,WR
2018,1,25,Hayden Hurst,TE
2018,1,26,Calvin Ridley,WR
2018,1,27,Rashaad Penny,RB
2018,1,28,Terrell Edmunds,S
2018,1,29,Taven Bryan,DT
2018,1,30,Mike Hughes,CB
2018,1,31,Sony Michel,RB
2018,1,32,Lamar Jackson,QB
2018,2,33,Austin Corbett,C
2018,2,34,Will Hernandez,OG
2018,2,35,Nick Chubb,RB
2018,2,36,Shaquille Leonard,LB
2018,2,37,Braden Smith,OG
2018,2,38,Ronald Jones II,RB
2018,2,39,James Daniels,C
2018,2,40,Courtland Sutton,WR
2018,2,41,Harold Landry,OLB
2018,2,42,Mike Gesicki,TE
2018,2,43,Kerryon Johnson,RB
2018,2,44,Dante Pettis,WR
2018,2,45,Josh Jackson,CB
2018,2,46,Breeland Speaks,DE
2018,2,47,Christian Kirk,WR
2018,2,48,Uchenna Nwosu,OLB
2018,2,49,Dallas Goedert,TE
2018,2,50,Connor Williams,OT
2018,2,51,Anthony Miller,WR
2018,2,52,Kemoko Turay,OLB
2018,2,53,M.J. Stewart,CB
2018,2,54,Jessie Bates III,S
2018,2,55,Donte Jackson,CB
2018,2,56,Duke Dawson,CB
2018,2,57,P.J. Hall,DT
2018,2,58,Isaiah Oliver,CB
2018,2,59,Derrius Guice,RB
2018,2,60,James Washington,WR
2018,2,61,DJ Chark,WR
2018,2,62,Brian O'Neill,OT
2018,2,63,Carlton Davis,CB
2018,2,64,Tyquan Lewis,DE
2018,3,65,Brandon Parker,OT
2018,3,66,Lorenzo Carter,DE
2018,3,67,Chad Thomas,DE
2018,3,68,Justin Reid,S
2018,3,69,B.J. Hill,DT
2018,3,70,Fred Warner,OLB
2018,3,71,Royce Freeman,RB
2018,3,72,Nathan Shepherd,DT
2018,3,73,Jerome Baker,OLB
2018,3,74,Geron Christian,OT
2018,3,75,Derrick Nnadi,DT
2018,3,76,Mason Rudolph,QB
2018,3,77,Sam Hubbard,DE
2018,3,78,Malik Jefferson,OLB
2018,3,79,Rasheem Green,DT
2018,3,80,Martinas Rankin,OT
2018,3,81,Michael Gallup,WR
2018,3,82,Tracy Walker,S
2018,3,83,Orlando Brown Jr.,OT
2018,3,84,Justin Jones,DT
2018,3,85,Rashaan Gaulden,CB
2018,3,86,Mark Andrews,TE
2018,3,87,Arden Key,DE
2018,3,88,Oren Burks,ILB
2018,3,89,Joseph Noteboom,OT
2018,3,90,Deadrin Senat,DT
2018,3,91,Tre'Quan Smith,WR
2018,3,92,Chukwuma Okorafor,OT
2018,3,93,Ronnie Harrison,S
2018,3,94,Alex Cappa,OT
2018,3,95,Tarvarius Moore,S
2018,3,96,Harrison Phillips,DT
2018,3,97,Mason Cole,C
2018,3,98,Jordan Akins,TE
2018,3,99,Isaac Yiadom,CB
2018,3,100,Dorian O'Daniel,OLB
2018,4,101,Ian Thomas,TE
2018,4,102,Jalyn Holmes,DE
2018,4,103,Keke Coutee,WR
2018,4,104,Nyheim Hines,RB
2018,4,105,Antonio Callaway,WR
2018,4,106,Josey Jewell,ILB
2018,4,107,Chris Herndon,TE
2018,4,108,Kyle Lauletta,QB
2018,4,109,Troy Apke,S
2018,4,110,Nick Nelson,CB
2018,4,111,Brian Allen,C
2018,4,112,Mark Walton,RB
2018,4,113,DaeSean Hamilton,WR
2018,4,114,Da'Shawn Hand,DE
2018,4,115,Joel Iyiegbuniwe,LB
2018,4,116,Dorance Armstrong Jr.,DE
2018,4,117,Jordan Whitehead,S
2018,4,118,Anthony Averett,CB
2018,4,119,Kyzir White,S
2018,4,120,Will Dissly,TE
2018,4,121,Taron Johnson,CB
2018,4,122,Kenny Young,LB
2018,4,123,Durham Smythe,TE
2018,4,124,Armani Watts,S
2018,4,125,Avonte Maddox,CB
2018,4,126,Ito Smith,RB
2018,4,127,Rick Leonard,OT
2018,4,128,Kentavius Street,DT
2018,4,129,Will Richardson,OT
2018,4,130,Josh Sweat,DE
2018,4,131,Kalen Ballage,RB
2018,4,132,Jaleel Scott,WR
2018,4,133,J'Mon Moore,WR
2018,4,134,Chase Edmonds,RB
2018,4,135,John Franklin-Myers,DE
2018,4,136,Marquis Haynes,OLB
2018,4,137,Dalton Schultz,TE
2018,5,138,Cole Madison,OG
2018,5,139,R.J. McIntosh,DT
2018,5,140,Maurice Hurst Jr.,DT
2018,5,141,Shaquem Griffin,OLB
2018,5,142,D.J. Reed,CB
2018,5,143,Ja'Whaun Bentley,ILB
2018,5,144,Justin Watson,WR
2018,5,145,Bilal Nichols,DT
2018,5,146,Tre Flowers,S
2018,5,147,Micah Kiser,ILB
2018,5,148,Marcus Allen,S
2018,5,149,Michael Dickson,P
2018,5,150,Genard Avery,LB
2018,5,151,Davontae Harris,CB
2018,5,152,Dane Cruikshank,CB
2018,5,153,Tyrell Crosby,OT
2018,5,154,Siran Neal,CB
2018,5,155,Scott Quessenberry,C
2018,5,156,Troy Fumagalli,TE
2018,5,157,Tyler Conklin,TE
2018,5,158,Andrew Brown,DE
2018,5,159,Daurice Fountain,WR
2018,5,160,Ogbonnia Okoronkwo,DE
2018,5,161,Jermaine Carter Jr.,LB
2018,5,162,Jordan Lasley,WR
2018,5,163,Tim Settle,DT
2018,5,164,Natrell Jamerson,S
2018,5,165,Jaylen Samuels,TE
2018,5,166,Wyatt Teller,OG
2018,5,167,Daniel Carlson,K
2018,5,168,Jamarco Jones,OT
2018,5,169,Jordan Wilkins,RB
2018,5,170,Darius Phillips,CB
2018,5,171,Mike White,QB
2018,5,172,JK Scott,P
2018,5,173,Johnny Townsend,P
2018,5,174,Marquez Valdes-Scantling,WR
2018,6,175,Damion Ratley,WR
2018,6,176,John Kelly,RB
2018,6,177,Duke Ejiofor,DE
2018,6,178,Christian Sam,ILB
2018,6,179,Parry Nickerson,CB
2018,6,180,Folorunso Fatukasi,DT
2018,6,181,Kylie Fitts,DE
2018,6,182,Christian Campbell,CB
2018,6,183,Sam Jones,OG
2018,6,184,Marcell Harris,S
2018,6,185,Deon Cain,WR
2018,6,186,Jacob Martin,LB
2018,6,187,Ray-Ray McCloud,WR
2018,6,188,Simeon Thomas,CB
2018,6,189,Kamrin Moore,CB
2018,6,190,DeShon Elliott,S
2018,6,191,Dylan Cantrell,WR
2018,6,192,Jamil Demby,OT
2018,6,193,Chris Covington,LB
2018,6,194,Russell Gage,WR
2018,6,195,Sebastian Joseph-Day,DT
2018,6,196,Tremon Smith,WR
2018,6,197,Shaun Dion Hamilton,LB
2018,6,198,Kahlil McKenzie,DT
2018,6,199,Luke Falk,QB
2018,6,200,Foyesade Oluokun,S
2018,6,201,Boston Scott,RB
2018,6,202,Jack Cichy,ILB
2018,6,203,Tanner Lee,QB
2018,6,204,Trenton Cannon,RB
2018,6,205,Trevon Young,DE
2018,6,206,Matt Pryor,OT
2018,6,207,Equanimeous St. Brown,WR
2018,6,208,Cedrick Wilson Jr.,WR
2018,6,209,Cornell Armstrong,CB
2018,6,210,Braxton Berrios,WR
2018,6,211,Jordan Thomas,TE
2018,6,212,Greg Senat,OT
2018,6,213,Colby Gossett,OG
2018,6,214,Peter Kalambayi,LB
2018,6,215,Bradley Bozeman,C
2018,6,216,Azeem Victor,LB
2018,6,217,Keishawn Bierria,ILB
2018,6,218,Ade Aruna,DE
2018,7,219,Danny Etling,QB
2018,7,220,Alex McGough,QB
2018,7,221,Matthew Adams,LB
2018,7,222,Jermaine Kelly,CB
2018,7,223,Jullian Taylor,DT
2018,7,224,Javon Wims,WR
2018,7,225,Devante Downs,LB
2018,7,226,David Williams,RB
2018,7,227,Quentin Poling,LB
2018,7,228,Marcell Ateman,WR
2018,7,229,Jason Sanders,K
2018,7,230,Leon Jacobs,OLB
2018,7,231,Travin Howard,OLB
2018,7,232,James Looney,DE
2018,7,233,Jordan Mailata,OT
2018,7,234,Andre Smith,ILB
2018,7,235,Zaire Franklin,LB
2018,7,236,Bo Scarbrough,RB
2018,7,237,Nick Bawden,RB
2018,7,238,Zach Sieler,DE
2018,7,239,Hunter Bradley,LS
2018,7,240,Richie James,WR
2018,7,241,Greg Stroman,CB
2018,7,242,Kendrick Norton,DT
2018,7,243,Keion Crossen,CB
2018,7,244,Justin Lawler,DE
2018,7,245,Will Clapp,C
2018,7,246,Joshua Frazier,DT
2018,7,247,Logan Cooke,P
2018,7,248,Kendall Donnerson,OLB
2018,7,249,Logan Woodside,QB
2018,7,250,Ryan Izzo,TE
2018,7,251,Justin Jackson,RB
2018,7,252,Rod Taylor,OG
2018,7,253,Auden Tate,WR
2018,7,254,Korey Cunningham,OT
2018,7,255,Austin Proehl,WR
2018,7,256,Trey Quinn,WR
2019,1,1,Kyler Murray,QB
2019,1,2,Nick Bosa,DE
2019,1,3,Quinnen Williams,DT
2019,1,4,Clelin Ferrell,DE
2019,1,5,Devin White,LB
2019,1,6,Daniel Jones,QB
2019,1,7,Josh Hines-Allen,LB
2019,1,8,T.J. Hockenson,TE
2019,1,9,Ed Oliver,DT
2019,1,10,Devin Bush Jr.,LB
2019,1,11,Jonah Williams,OG
2019,1,12,Rashan Gary,LB
2019,1,13,Christian Wilkins,DT
2019,1,14,Chris Lindstrom,OG
2019,1,15,Dwayne Haskins,QB
2019,1,16,Brian Burns,DE
2019,1,17,Dexter Lawrence,DT
2019,1,18,Garrett Bradbury,C
2019,1,19,Jeffery Simmons,DT
2019,1,20,Noah Fant,TE
2019,1,21,Darnell Savage Jr.,S
2019,1,22,Andre Dillard,OT
2019,1,23,Tytus Howard,OT
2019,1,24,Josh Jacobs,RB
2019,1,25,Marquise Brown,WR
2019,1,26,Montez Sweat,DE
2019,1,27,Johnathan Abram,S
2019,1,28,Jerry Tillery,DT
2019,1,29,L.J. Collier,DE
2019,1,30,Deandre Baker,CB
2019,1,31,Kaleb McGary,OT
2019,1,32,N'Keal Harry,WR
2019,2,33,Byron Murphy,CB
2019,2,34,Rock Ya-Sin,CB
2019,2,35,Jawaan Taylor,OT
2019,2,36,Deebo Samuel,WR
2019,2,37,Greg Little,OT
2019,2,38,Cody Ford,OT
2019,2,39,Sean Murphy-Bunting,CB
2019,2,40,Trayvon Mullen,CB
2019,2,41,Dalton Risner,OT
2019,2,42,Drew Lock,QB
2019,2,43,Jahlani Tavai,LB
2019,2,44,Elgton Jenkins,C
2019,2,45,Joejuan Williams,CB
2019,2,46,Greedy Williams,CB
2019,2,47,Marquise Blair,S
2019,2,48,Erik McCoy,C
2019,2,49,Ben Banogu,LB
2019,2,50,Irv Smith Jr.,TE
2019,2,51,A.J. Brown,WR
2019,2,52,Drew Sample,TE
2019,2,53,Miles Sanders,RB
2019,2,54,Lonnie Johnson Jr.,CB
2019,2,55,Max Scharping,OT
2019,2,56,Mecole Hardman,WR
2019,2,57,JJ Arcega-Whiteside,WR
2019,2,58,Trysten Hill,DT
2019,2,59,Parris Campbell,WR
2019,2,60,Nasir Adderley,S
2019,2,61,Taylor Rapp,S
2019,2,62,Andy Isabella,WR
2019,2,63,Juan Thornhill,S
2019,2,64,D.K. Metcalf,WR
2019,3,65,Zach Allen,DE
2019,3,66,Diontae Johnson,WR
2019,3,67,Jalen Hurd,WR
2019,3,68,Jachai Polite,LB
2019,3,69,Josh Oliver,TE
2019,3,70,Darrell Henderson,RB
2019,3,71,Dre'Mont Jones,DT
2019,3,72,Germaine Pratt,LB
2019,3,73,David Montgomery,RB
2019,3,74,Devin Singletary,RB
2019,3,75,Jace Sternberger,TE
2019,3,76,Terry McLaurin,WR
2019,3,77,Chase Winovich,DE
2019,3,78,Michael Deiter,OG
2019,3,79,David Long,CB
2019,3,80,Sione Takitaki,LB
2019,3,81,Will Harris,S
2019,3,82,Nate Davis,OG
2019,3,83,Justin Layne,CB
2019,3,84,Khalen Saunders,DT
2019,3,85,Jaylon Ferguson,DE
2019,3,86,Kahale Warring,TE
2019,3,87,Damien Harris,RB
2019,3,88,Cody Barton,LB
2019,3,89,Bobby Okereke,LB
2019,3,90,Connor McGovern,OG
2019,3,91,Trey Pipkins,OT
2019,3,92,Chuma Edoga,OT
2019,3,93,Miles Boykin,WR
2019,3,94,Jamel Dean,CB
2019,3,95,Oshane Ximines,DE
2019,3,96,Dawson Knox,TE
2019,3,97,Bobby Evans,OT
2019,3,98,Quincy Williams,S
2019,3,99,Mike Edwards,S
2019,3,100,Will Grier,QB
2019,3,101,Yodny Cajuste,OT
2019,3,102,Alexander Mattison,RB
2019,4,103,Hakeem Butler,WR
2019,4,104,Ryan Finley,QB
2019,4,105,C.J. Gardner-Johnson,S
2019,4,106,Maxx Crosby,DE
2019,4,107,Anthony Nelson,DE
2019,4,108,Julian Love,CB
2019,4,109,Khari Willis,S
2019,4,110,Mitch Wishnowsky,P
2019,4,111,Kendall Sheffield,CB
2019,4,112,Bryce Love,RB
2019,4,113,Justice Hill,RB
2019,4,114,Dru Samia,OG
2019,4,115,Christian Miller,LB
2019,4,116,Amani Hooker,S
2019,4,117,Austin Bryant,DE
2019,4,118,Hjalte Froholdt,OG
2019,4,119,Sheldrick Redwine,S
2019,4,120,Gary Jennings Jr,WR
2019,4,121,Trevon Wesco,TE
2019,4,122,Benny Snell Jr.,RB
2019,4,123,Ben Powers,OG
2019,4,124,Phil Haynes,OG
2019,4,125,Renell Wren,DT
2019,4,126,Riley Ridley,WR
2019,4,127,Iman Marshall,CB
2019,4,128,Tony Pollard,RB
2019,4,129,Isaiah Johnson,CB
2019,4,130,Drue Tranquill,LB
2019,4,131,Wes Martin,OG
2019,4,132,Ugo Amadi,S
2019,4,133,Jarrett Stidham,QB
2019,4,134,Greg Gaines,DT
2019,4,135,John Cominsky,DE
2019,4,136,Michael Jordan,OG
2019,4,137,Foster Moreau,TE
2019,4,138,Shareef Miller,DE
2019,5,139,Deionte Thompson,S
2019,5,140,Ryquell Armstead,RB
2019,5,141,Zach Gentry,TE
2019,5,142,Ben Burr-Kirven,LB
2019,5,143,Ryan Connelly,LB
2019,5,144,Marvell Tell III,S
2019,5,145,Matt Gay,K
2019,5,146,Amani Oruwariye,CB
2019,5,147,Vosean Joseph,LB
2019,5,148,Dre Greenlaw,LB
2019,5,149,Hunter Renfrow,WR
2019,5,150,Kingsley Keke,DT
2019,5,151,Andrew Van Ginkel,LB
2019,5,152,Qadree Ollison,RB
2019,5,153,Ross Pierschbacher,OG
2019,5,154,Jordan Scarlett,RB
2019,5,155,Mack Wilson,LB
2019,5,156,Justin Hollins,LB
2019,5,157,Blake Cashman,LB
2019,5,158,Michael Jackson,CB
2019,5,159,Byron Cowart,DT
2019,5,160,Daylon Mack,DT
2019,5,161,Charles Omenihu,DE
2019,5,162,Cameron Smith,LB
2019,5,163,Jake Bailey,P
2019,5,164,E.J. Speed,LB
2019,5,165,Joe Jackson,DE
2019,5,166,Easton Stick,QB
2019,5,167,Clayton Thorson,QB
2019,5,168,D'Andre Walker,LB
2019,5,169,David Edwards,OT
2019,5,170,Austin Seibert,K
2019,5,171,Darius Slayton,WR
2019,5,172,Jordan Miller,CB
2019,5,173,Cole Holcomb,LB
2019,6,174,KeeSean Johnson,WR
2019,6,175,Sutton Smith,DE
2019,6,176,Kaden Smith,TE
2019,6,177,Saquan Hampton,S
2019,6,178,Gardner Minshew II,QB
2019,6,179,Lamont Gaillard,C
2019,6,180,Corey Ballentine,CB
2019,6,181,Jaquan Johnson,CB
2019,6,182,Trayveon Williams,RB
2019,6,183,Justin Skule,OT
2019,6,184,Travis Fulgham,WR
2019,6,185,Ka'dar Hollman,CB
2019,6,186,Ty Johnson,RB
2019,6,187,Juwann Winfree,WR
2019,6,188,David Long,LB
2019,6,189,Drew Forbes,OT
2019,6,190,Armon Watts,DT
2019,6,191,Marcus Epps,S
2019,6,192,Isaiah Buggs,DT
2019,6,193,Oli Udoh,OT
2019,6,194,Dexter Williams,RB
2019,6,195,Xavier Crawford,CB
2019,6,196,Blessuan Austin,CB
2019,6,197,Trace McSorley,QB
2019,6,198,Tim Harris,CB
2019,6,199,Gerri Green,DE
2019,6,200,Emeke Egbule,LB
2019,6,201,Rashad Fenton,CB
2019,6,202,Isaiah Prince,OT
2019,6,203,Marcus Green,WR
2019,6,204,Travis Homer,RB
2019,6,205,Duke Shelley,CB
2019,6,206,Kelvin Harmon,WR
2019,6,207,Ulysees Gilbert,LB
2019,6,208,Scott Miller,WR
2019,6,209,Demarcus Christmas,DT
2019,6,210,Deshaun Davis,LB
2019,6,211,Rodney Anderson,RB
2019,6,212,Dennis Daley,OT
2019,6,213,Donovan Wilson,S
2019,6,214,Darwin Thompson,RB
2019,7,215,Terry Beckner,DT
2019,7,216,Nick Allegretti,OG
2019,7,217,Kris Boyd,CB
2019,7,218,Mike Weber,RB
2019,7,219,Derwin Gray,OT
2019,7,220,Cullen Gillaspia,RB
2019,7,221,Donnie Lewis Jr.,CB
2019,7,222,Kerrith Whyte Jr,RB
2019,7,223,Jordan Brown,CB
2019,7,224,Isaac Nauta,TE
2019,7,225,Darryl Johnson,DE
2019,7,226,Ty Summers,LB
2019,7,227,Jimmy Moreland,CB
2019,7,228,Tommy Sweeney,TE
2019,7,229,P.J. Johnson,DE
2019,7,230,Quinton Bell,DE
2019,7,231,Alizé Mack,TE
2019,7,232,George Asafo-Adjei,OT
2019,7,233,Chandler Cox,RB
2019,7,234,Myles Gaskin,RB
2019,7,235,Dontavius Russell,DT
2019,7,236,John Ursua,WR
2019,7,237,Terry Godwin,WR
2019,7,238,Stephen Denmark,CB
2019,7,239,Dillon Mitchell,WR
2019,7,240,Jackson Barton,OT
2019,7,241,Jalen Jelks,DE
2019,7,242,Cortez Broughton,DT
2019,7,243,Nick Scott,S
2019,7,244,Kaden Elliss,LB
2019,7,245,Chris Slayton,DT
2019,7,246,Javon Patterson,C
2019,7,247,Olabisi Johnson,WR
2019,7,248,Joshua Miles,OT
2019,7,249,Michael Dogbe,DE
2019,7,250,Austin Cutting,LS
2019,7,251,Dakota Allen,LB
2019,7,252,Ken Webster,CB
2019,7,253,Jordan Brailford,DE
2019,7,254,Caleb Wilson,TE
2021,1,1,Joe Burrow,QB
2021,1,2,Chase Young,DE
2021,1,3,Jeff Okudah,CB
2021,1,4,Andrew Thomas,OT
2021,1,5,Tua Tagovailoa,QB
2021,1,6,Justin Herbert,QB
2021,1,7,Derrick Brown,DT
2021,1,8,Isaiah Simmons,LB
2021,1,9,C.J. Henderson,CB
2021,1,10,Jedrick Wills Jr.,OT
2021,1,11,Mekhi Becton,OT
2021,1,12,Henry Ruggs III,WR
2021,1,13,Tristan Wirfs,OT
2021,1,14,Javon Kinlaw,DT
2021,1,15,Jerry Jeudy,WR
2021,1,16,AJ Terrell,CB
2021,1,17,CeeDee Lamb,WR
2021,1,18,Austin Jackson,OT
2021,1,19,Damon Arnette,CB
2021,1,20,K'Lavon Chaisson,DE
2021,1,21,Jalen Reagor,WR
2021,1,22,Justin Jefferson,WR
2021,1,23,Kenneth Murray,LB
2021,1,24,Cesar Ruiz,C
2021,1,25,Brandon Aiyuk,WR
2021,1,26,Jordan Love,QB
2021,1,27,Jordyn Brooks,LB
2021,1,28,Patrick Queen,LB
2021,1,29,Isaiah Wilson,OT
2021,1,30,Noah Igbinoghene,CB
2021,1,31,Jeff Gladney,CB
2021,1,32,Clyde Edwards-Helaire,RB
2021,2,33,Tee Higgins,WR
2021,2,34,Michael Pittman Jr.,WR
2021,2,35,D'Andre Swift,RB
2021,2,36,Xavier McKinney,S
2021,2,37,Kyle Dugger,S
2021,2,38,Yetur Gross-Matos,DE
2021,2,39,Robert Hunt,OG
2021,2,40,Ross Blacklock,DT
2021,2,41,Jonathan Taylor,RB
2021,2,42,Laviska Shenault Jr.,WR
2021,2,43,Cole Kmet,TE
2021,2,44,Grant Delpit,S
2021,2,45,Antoine Winfield Jr.,S
2021,2,46,KJ Hamler,WR
2021,2,47,Marlon Davidson,DE
2021,2,48,Darrell Taylor,DE
2021,2,49,Chase Claypool,WR
2021,2,50,Jaylon Johnson,CB
2021,2,51,Trevon Diggs,CB
2021,2,52,Cam Akers,RB
2021,2,53,Jalen Hurts,QB
2021,2,54,A.J. Epenesa,DE
2021,2,55,J.K. Dobbins,RB
2021,2,56,Raekwon Davis,DT
2021,2,57,Van Jefferson,WR
2021,2,58,Ezra Cleveland,OT
2021,2,59,Denzel Mims,WR
2021,2,60,Joshua Uche,LB
2021,2,61,Kristian Fulton,CB
2021,2,62,AJ Dillon,RB
2021,2,63,Willie Gay Jr.,LB
2021,2,64,Jeremy Chinn,S
2021,3,65,Logan Wilson,LB
2021,3,66,Antonio Gibson,RB
2021,3,67,Julian Okwara,DE
2021,3,68,Ashtyn Davis,S
2021,3,69,Damien Lewis,OG
2021,3,70,Brandon Jones,S
2021,3,71,Nnamdi Madubuike,DT
2021,3,72,Josh Jones,OT
2021,3,73,DaVon Hamilton,DT
2021,3,74,Zack Baun,LB
2021,3,75,Jonah Jackson,OG
2021,3,76,Ke'Shawn Vaughn,RB
2021,3,77,Michael Ojemudia,CB
2021,3,78,Matt Hennessy,C
2021,3,79,Jabari Zuniga,DE
2021,3,80,Lynn Bowden Jr.,WR
2021,3,81,Bryan Edwards,WR
2021,3,82,Neville Gallimore,DT
2021,3,83,Lloyd Cushenberry III,C
2021,3,84,Terrell Lewis,LB
2021,3,85,Julian Blackmon,S
2021,3,86,Zack Moss,RB
2021,3,87,Anfernee Jennings,LB
2021,3,88,Jordan Elliott,DT
2021,3,89,Cameron Dantzler,CB
2021,3,90,Jonathan Greenard,DE
2021,3,91,Devin Asiasi,TE
2021,3,92,Devin Duvernay,WR
2021,3,93,Darrynton Evans,RB
2021,3,94,Josiah Deguara,TE
2021,3,95,McTelvin Agim,DT
2021,3,96,Lucas Niang,OT
2021,3,97,Jacob Phillips,LB
2021,3,98,Malik Harrison,LB
2021,3,99,Matt Peart,OT
2021,3,100,Tanner Muse,S
2021,3,101,Dalton Keene,TE
2021,3,102,Alex Highsmith,LB
2021,3,103,Davion Taylor,LB
2021,3,104,Terrell Burgess,S
2021,3,105,Adam Trautman,TE
2021,3,106,Tyre Phillips,OT
2021,4,107,Akeem Davis-Gaither,LB
2021,4,108,Saahdiq Charles,OT
2021,4,109,John Simpson,OG
2021,4,110,Darnay Holmes,CB
2021,4,111,Solomon Kindley,OG
2021,4,112,Joshua Kelley,RB
2021,4,113,Troy Pride Jr.,CB
2021,4,114,Leki Fotu,DT
2021,4,115,Harrison Bryant,TE
2021,4,116,Ben Bartch,OG
2021,4,117,D.J. Wonnum,DE
2021,4,118,Albert Okwuegbunam,TE
2021,4,119,Mykal Walker,LB
2021,4,120,La'Mical Perine,RB
2021,4,121,Logan Stenberg,OG
2021,4,122,Jacob Eason,QB
2021,4,123,Reggie Robinson II,CB
2021,4,124,Anthony McFarland Jr.,RB
2021,4,125,James Morgan,QB
2021,4,126,Charlie Heck,OT
2021,4,127,K'Von Wallace,S
2021,4,128,Gabriel Davis,WR
2021,4,129,Cameron Clark,OT
2021,4,130,James Lynch,DT
2021,4,131,Rashard Lawrence,DT
2021,4,132,Troy Dye,LB
2021,4,133,Colby Parkinson,TE
2021,4,134,Jaylinn Hawkins,S
2021,4,135,Kevin Dotson,OG
2021,4,136,Brycen Hopkins,TE
2021,4,137,Josiah Scott,CB
2021,4,138,L'Jarius Sneed,S
2021,4,139,Amik Robertson,CB
2021,4,140,Shaquille Quarterman,LB
2021,4,141,John Reid,CB
2021,4,142,Antonio Gandy-Golden,WR
2021,4,143,Ben Bredeson,OG
2021,4,144,DeeJay Dallas,RB
2021,4,145,Jack Driscoll,OG
2021,4,146,Tyler Biadasz,C
2021,5,147,Khalid Kareem,DE
2021,5,148,Alton Robinson,DE
2021,5,149,Danny Pinter,OG
2021,5,150,Shane Lemieux,OG
2021,5,151,Joe Reed,WR
2021,5,152,Kenny Robinson Jr.,S
2021,5,153,Colton McKivitz,OT
2021,5,154,Jason Strowbridge,DE
2021,5,155,Trevis Gipson,DE
2021,5,156,Keith Ismael,C
2021,5,157,Daniel Thomas,S
2021,5,158,Bryce Hall,CB
2021,5,159,Justin Rohrwasser,K
2021,5,160,Nick Harris,C
2021,5,161,Tyler Johnson,WR
2021,5,162,Khaleke Hudson,LB
2021,5,163,Kindle Vildor,CB
2021,5,164,Curtis Weaver,DE
2021,5,165,Collin Johnson,WR
2021,5,166,Quintez Cephus,WR
2021,5,167,Jake Fromm,QB
2021,5,168,John Hightower,WR
2021,5,169,Harrison Hand,CB
2021,5,170,Broderick Washington Jr.,DT
2021,5,171,Isaiah Coulter,WR
2021,5,172,Jason Huntley,RB
2021,5,173,Darnell Mooney,WR
2021,5,174,Larrell Murchison,DT
2021,5,175,Kamal Martin,LB
2021,5,176,K.J. Osborn,WR
2021,5,177,Michael Danna,DE
2021,5,178,Justin Strnad,LB
2021,5,179,Bradlee Anae,DE
2021,6,180,Hakeem Adeniji,OT
2021,6,181,Netane Muti,OG
2021,6,182,Michael Onwenu,OG
2021,6,183,Cam Brown,LB
2021,6,184,Bravvion Roy,DT
2021,6,185,Blake Ferguson,LS
2021,6,186,Alohi Gilman,S
2021,6,187,Donovan Peoples-Jones,WR
2021,6,188,Tyler Bass,K
2021,6,189,Jake Luton,QB
2021,6,190,Charlie Woerner,TE
2021,6,191,Braden Mann,P
2021,6,192,Jon Runyan Jr.,OT
2021,6,193,Robert Windsor,DT
2021,6,194,Khalil Davis,DT
2021,6,195,Justin Herron,OT
2021,6,196,Shaun Bradley,LB
2021,6,197,John Penisini,DT
2021,6,198,Antoine Brooks Jr.,S
2021,6,199,Jordan Fuller,S
2021,6,200,Quez Watkins,WR
2021,6,201,James Proche,WR
2021,6,202,Evan Weaver,LB
2021,6,203,Blake Brandel,OT
2021,6,204,Cassh Maluia,LB
2021,6,205,Josh Metellus,S
2021,6,206,Tyler Davis,TE
2021,6,207,Isaiah Hodgins,WR
2021,6,208,Jake Hanson,C
2021,6,209,Simon Stepaniak,OT
2021,6,210,Prince Tega Wanogho,OT
2021,6,211,Isaiah Rodgers,CB
2021,6,212,Dezmon Patmon,WR
2021,6,213,Jordan Glasgow,LB
2021,6,214,Freddie Swain,WR
2021,7,215,Markus Bailey,LB
2021,7,216,Kamren Curl,S
2021,7,217,Jauan Jennings,WR
2021,7,218,Carter Coughlin,LB
2021,7,219,Geno Stone,S
2021,7,220,K.J. Hill,WR
2021,7,221,Stantley Thomas-Oliver,CB
2021,7,222,Eno Benjamin,RB
2021,7,223,Chris Claybrooks,CB
2021,7,224,Cole McDonald,QB
2021,7,225,Kenny Willekes,DE
2021,7,226,Arlington Hambright,OT
2021,7,227,Lachavious Simmons,OG
2021,7,228,Sterling Hofrichter,P
2021,7,229,James Smith-Williams,DE
2021,7,230,Dustin Woodard,C
2021,7,231,Ben DiNucci,QB
2021,7,232,Carlos Davis,DT
2021,7,233,Casey Toohill,DE
2021,7,234,Clay Johnston,LB
2021,7,235,Jashon Cornell,DT
2021,7,236,Vernon Scott,S
2021,7,237,Thakarius Keyes,CB
2021,7,238,T.J. Brunson,LB
2021,7,239,Dane Jackson,CB
2021,7,240,Tommy Stevens,QB
2021,7,241,Chapelle Russell,LB
2021,7,242,Jonathan Garvin,DE
2021,7,243,Chris Jackson,S
2021,7,244,Nate Stanley,QB
2021,7,245,Raymond Calais,RB
2021,7,246,Malcolm Perry,RB
2021,7,247,Chris Williamson,CB
2021,7,248,Sam Sloman,K
2021,7,249,Brian Cole II,S
2021,7,250,Tremayne Anchrum,OG
2021,7,251,Stephen Sullivan,TE
2021,7,252,Tyrie Cleveland,WR
2021,7,253,Kyle Hinton,OG
2021,7,254,Derrek Tuszka,LB
2021,7,255,Tae Crowder,LB
2021,1,1,Trevor Lawrence,QB
2021,1,2,Zach Wilson,QB
2021,1,3,Trey Lance,QB
2021,1,4,Kyle Pitts,TE
2021,1,5,Ja'Marr Chase,WR
2021,1,6,Jaylen Waddle,WR
2021,1,7,Penei Sewell,OL
2021,1,8,Jaycee Horn,DB
2021,1,9,Patrick Surtain II,DB
2021,1,10,DeVonta Smith,WR
2021,1,11,Justin Fields,QB
2021,1,12,Micah Parsons,LB
2021,1,13,Rashawn Slater,OL
2021,1,14,Alijah Vera-Tucker,OL
2021,1,15,Mac Jones,QB
2021,1,16,Zaven Collins,LB
2021,1,17,Alex Leatherwood,OL
2021,1,18,Jaelan Phillips,DL
2021,1,19,Jamin Davis,LB
2021,1,20,Kadarius Toney,WR
2021,1,21,Kwity Paye,DL
2021,1,22,Caleb Farley,DB
2021,1,23,Christian Darrisaw,OL
2021,1,24,Najee Harris,RB
2021,1,25,Travis Etienne,RB
2021,1,26,Greg Newsome II,DB
2021,1,27,Rashod Bateman,WR
2021,1,28,Payton Turner,DE
2021,1,29,Eric Stokes,DB
2021,1,30,Gregory Rousseau,DL
2021,1,31,Odafe Oweh,DE
2021,1,32,Joe Tryon-Shoyinka,OLB
2021,2,33,Tyson Campbell,DB
2021,2,34,Elijah Moore,WR
2021,2,35,Javonte Williams,RB
2021,2,36,Jevon Holland,S
2021,2,37,Landon Dickerson,OL
2021,2,38,Christian Barmore,DL
2021,2,39,Teven Jenkins,OL
2021,2,40,Richie Grant,DB
2021,2,41,Levi Onwuzurike,DL
2021,2,42,Liam Eichenberg,OL
2021,2,43,Tre'von Moehrig,S
2021,2,44,Kelvin Joseph,DB
2021,2,45,Walker Little,OT
2021,2,46,Jackson Carman,OT
2021,2,47,Asante Samuel Jr.,DB
2021,2,48,Aaron Banks,OL
2021,2,49,Rondale Moore,WR
2021,2,50,Azeez Ojulari,OLB
2021,2,51,Samuel Cosmi,OL
2021,2,52,Jeremiah Owusu-Koramoah,LB
2021,2,53,Dillon Radunz,OT
2021,2,54,Dayo Odeyingbo,DL
2021,2,55,Pat Freiermuth,TE
2021,2,56,D'Wayne Eskridge,WR
2021,2,57,Tutu Atwell,WR
2021,2,58,Nick Bolton,LB
2021,2,59,Terrace Marshall Jr.,WR
2021,2,60,Pete Werner,LB
2021,2,61,Boogie Basham,DL
2021,2,62,Josh Myers,C
2021,2,63,Creed Humphrey,OL
2021,2,64,Kyle Trask,QB
2021,3,65,Andre Cisco,DB
2021,3,66,Kellen Mond,QB
2021,3,67,Davis Mills,QB
2021,3,68,Jalen Mayfield,OL
2021,3,69,Joseph Ossai,LB
2021,3,70,Brady Christensen,OL
2021,3,71,Aaron Robinson,DB
2021,3,72,Alim McNeill,DT
2021,3,73,Milton Williams,DL
2021,3,74,Benjamin St-Juste,DB
2021,3,75,Osa Odighizuwa,DL
2021,3,76,Paulson Adebo,CB
2021,3,77,Josh Palmer,WR
2021,3,78,Chazz Surratt,LB
2021,3,79,Malcolm Koonce,DE
2021,3,80,Divine Deablo,DB
2021,3,81,Hunter Long,TE
2021,3,82,Dyami Brown,WR
2021,3,83,Tommy Tremble,TE
2021,3,84,Chauncey Golston,DL
2021,3,85,Amari Rodgers,WR
2021,3,86,Wyatt Davis,OL
2021,3,87,Kendrick Green,OL
2021,3,88,Trey Sermon,RB
2021,3,89,Nico Collins,WR
2021,3,90,Patrick Jones II,DL
2021,3,91,Anthony Schwartz,WR
2021,3,92,Monty Rice,LB
2021,3,93,Spencer Brown,OL
2021,3,94,Ben Cleveland,OL
2021,3,95,Robert Hainsey,OL
2021,3,96,Ronnie Perkins,DE
2021,3,97,Tre' McKitty,TE
2021,3,98,Quinn Meinerz,C
2021,3,99,Nahshon Wright,DB
2021,3,100,Elijah Molden,DB
2021,3,101,Ifeatu Melifonwu,DB
2021,3,102,Ambry Thomas,DB
2021,3,103,Ernest Jones,LB
2021,3,104,Brandon Stephens,CB
2021,3,105,Baron Browning,LB
2021,4,106,Jay Tufele,DL
2021,4,107,Michael Carter,RB
2021,4,108,Darren Hall,CB
2021,4,109,Dez Fitzpatrick,WR
2021,4,110,James Hudson,OL
2021,4,111,Cameron Sample,DE
2021,4,112,Amon-Ra St. Brown,WR
2021,4,113,Derrick Barnes,DE
2021,4,114,Drew Dalman,C
2021,4,115,Jabril Cox,LB
2021,4,116,Elerson Smith,DL
2021,4,117,Bobby Brown,DL
2021,4,118,Chris Rumph,DE
2021,4,119,Kene Nwangwu,RB
2021,4,120,Rhamondre Stevenson,RB
2021,4,121,Jordan Smith,OLB
2021,4,122,Tyler Shelvin,DT
2021,4,123,Zech McPhearson,DB
2021,4,124,John Bates,TE
2021,4,125,Camryn Bynum,CB
2021,4,126,Chuba Hubbard,RB
2021,4,127,Kylen Granson,TE
2021,4,128,Dan Moore,OL
2021,4,129,Jaelon Darden,WR
2021,4,130,Robert Rochell,DB
2021,4,131,Tylan Wallace,WR
2021,4,132,Tommy Togiai,DT
2021,4,133,Ian Book,QB
2021,4,134,Janarius Robinson,DE
2021,4,135,Rashad Weaver,DL
2021,4,136,Marco Wilson,CB
2021,4,137,Tre Brown,CB
2021,4,138,Josh Ball,OL
2021,4,139,D'Ante Smith,OT
2021,4,140,Buddy Johnson,LB
2021,4,141,Jacob Harris,WR
2021,4,142,Royce Newman,OG
2021,4,143,Tyree Gillespie,S
2021,4,144,Joshua Kaindoh,DE
2021,5,145,Luke Farrell,TE
2021,5,146,Jamien Sherwood,DB
2021,5,147,Brevin Jordan,TE
2021,5,148,Ta'Quon Graham,DL
2021,5,149,Evan McPherson,K
2021,5,150,Kenneth Gainwell,RB
2021,5,151,Larry Borom,OL
2021,5,152,Caden Sterns,DB
2021,5,153,Tony Fields,LB
2021,5,154,Michael Carter II,S
2021,5,155,Jaylon Moore,OT
2021,5,156,Isaiahh Loudermilk,DE
2021,5,157,Ihmir Smith-Marsette,WR
2021,5,158,Daviyon Nixon,DT
2021,5,159,Brenden Jaimes,OL
2021,5,160,Shaun Wade,CB
2021,5,161,Tommy Doyle,OL
2021,5,162,Noah Gray,TE
2021,5,163,Darrick Forrest,S
2021,5,164,Jamar Johnson,DB
2021,5,165,Shawn Davis,DB
2021,5,166,Keith Taylor,DB
2021,5,167,Nate Hobbs,CB
2021,5,168,Zach Davidson,TE
2021,5,169,Richard LeCounte,DB
2021,5,170,Garret Wallow,LB
2021,5,171,Daelin Hayes,DL
2021,5,172,Deommodore Lenoir,CB
2021,5,173,Tedarrell Slaton,DL
2021,5,174,Earnest Brown IV,DE
2021,5,175,Jason Pinnock,CB
2021,5,176,K.J. Britt,LB
2021,5,177,Cameron McGrone,LB
2021,5,178,Shemar Jean-Charles,DB
2021,5,179,Simi Fehoko,WR
2021,5,180,Talanoa Hufanga,S
2021,5,181,Cornell Powell,WR
2021,5,182,Adetokunbo Ogundeji,DL
2021,5,183,Avery Williams,CB
2021,5,184,Ben Mason,FB
2021,6,185,Nick Niemann,LB
2021,6,186,Hamsah Nasirildeen,DB
2021,6,187,Frank Darby,WR
2021,6,188,Joshuah Bledsoe,S
2021,6,189,Marlon Tuipulotu,DL
2021,6,190,Trey Hill,OL
2021,6,191,Tarron Jackson,DE
2021,6,192,Quinton Bohanna,DT
2021,6,193,Deonte Brown,OL
2021,6,194,Elijah Mitchell,RB
2021,6,195,Roy Lopez,DL
2021,6,196,Gary Brightwell,RB
2021,6,197,William Sherman,OL
2021,6,198,Larry Rountree,RB
2021,6,199,Jaylen Twyman,DL
2021,6,200,Brandin Echols,CB
2021,6,201,Rodarius Williams,CB
2021,6,202,Chris Evans,RB
2021,6,203,Marquez Stevenson,WR
2021,6,204,Shi Smith,WR
2021,6,205,Racey McMath,WR
2021,6,206,Landon Young,OT
2021,6,207,Jonathan Marshall,DL
2021,6,208,Stone Forsythe,OL
2021,6,209,Jalen Camp,WR
2021,6,210,Victor Dimukeje,DE
2021,6,211,Demetric Felton,RB
2021,6,212,Damar Hamlin,DB
2021,6,213,Rachad Wildgoose,CB
2021,6,214,Cole Van Lanen,OL
2021,6,215,Brady Breeze,S
2021,6,216,Quincy Roche,DL
2021,6,217,Khalil Herbert,RB
2021,6,218,Sam Ehlinger,QB
2021,6,219,Seth Williams,WR
2021,6,220,Isaiah McDuffie,LB
2021,6,221,Dazz Newsome,WR
2021,6,222,Thomas Fletcher,LS
2021,6,223,Tay Gowan,DB
2021,6,224,JaCoby Stevens,S
2021,6,225,Camaron Cheeseman,LS
2021,6,226,Trey Smith,OL
2021,6,227,Israel Mukuamu,DB
2021,6,228,Thomas Graham,CB
2021,7,229,Mike Strachan,WR
2021,7,230,Jimmy Morrissey,OL
2021,7,231,Larnel Coleman,OT
2021,7,232,Phil Hoskins,DT
2021,7,233,Jake Funk,RB
2021,7,234,Patrick Johnson,DE
2021,7,235,Wyatt Hubert,DE
2021,7,236,Jack Anderson,OL
2021,7,237,Kary Vincent Jr.,CB
2021,7,238,Matt Farniok,OG
2021,7,239,Jonathon Cooper,DE
2021,7,240,William Bradley-King,OLB
2021,7,241,Mark Webb,DB
2021,7,242,Tre Nixon,WR
2021,7,243,James Wiggins,S
2021,7,244,Gerrid Doaks,RB
2021,7,245,Tre Norwood,DB
2021,7,246,Shaka Toney,DE
2021,7,247,Michal Menet,OL
2021,7,248,Will Fries,OL
2021,7,249,Ben Skowronek,WR
2021,7,250,Khyiris Tonga,DL
2021,7,251,Chris Wilcox,DB
2021,7,252,Chris Garrett,DE
2021,7,253,Marquiss Spencer,DE
2021,7,254,Pressley Harvin III,P
2021,7,255,Kawaan Baker,WR
2021,7,256,Kylin Hill,RB
2021,7,257,Jermar Jefferson,RB
2021,7,258,Dax Milne,WR
2021,7,259,Grant Stuard,LB
2022,1,1,Travon Walker,DE
2022,1,2,Aidan Hutchinson,DE
2022,1,3,Derek Stingley Jr.,CB
2022,1,4,Sauce Gardner,CB
2022,1,5,Kayvon Thibodeaux,DE
2022,1,6,Ikem Ekwonu,OT
2022,1,7,Evan Neal,OL
2022,1,8,Drake London,WR
2022,1,9,Charles Cross,OL
2022,1,10,Garrett Wilson,WR
2022,1,11,Chris Olave,WR
2022,1,12,Jameson Williams,WR
2022,1,13,Jordan Davis,DT
2022,1,14,Kyle Hamilton,S
2022,1,15,Kenyon Green,OL
2022,1,16,Jahan Dotson,WR
2022,1,17,Zion Johnson,OG
2022,1,18,Treylon Burks,WR
2022,1,19,Trevor Penning,OT
2022,1,20,Kenny Pickett,QB
2022,1,21,Trent McDuffie,CB
2022,1,22,Quay Walker,LB
2022,1,23,Kaiir Elam,CB
2022,1,24,Tyler Smith,OL
2022,1,25,Tyler Linderbaum,OL
2022,1,26,Jermaine Johnson II,LB
2022,1,27,Devin Lloyd,LB
2022,1,28,Devonte Wyatt,DT
2022,1,29,Cole Strange,OL
2022,1,30,George Karlaftis III,DE
2022,1,31,Daxton Hill,DB
2022,1,32,Lewis Cine,DB
2022,2,33,Logan Hall,DE
2022,2,34,Christian Watson,WR
2022,2,35,Roger McCreary,CB
2022,2,36,Breece Hall,RB
2022,2,37,Jalen Pitre,S
2022,2,38,Arnold Ebiketie,DE
2022,2,39,Kyler Gordon,CB
2022,2,40,Boye Mafe,DE
2022,2,41,Kenneth Walker III,RB
2022,2,42,Andrew Booth,CB
2022,2,43,Wan'Dale Robinson,WR
2022,2,44,John Metchie,WR
2022,2,45,David Ojabo,LB
2022,2,46,Josh Paschal,DE
2022,2,47,Phidarian Mathis,DT
2022,2,48,Jaquan Brisker,S
2022,2,49,Alontae Taylor,DB
2022,2,50,Tyquan Thornton,WR
2022,2,51,Cam Jurgens,OL
2022,2,52,George Pickens,WR
2022,2,53,Alec Pierce,WR
2022,2,54,Skyy Moore,WR
2022,2,55,Trey McBride,TE
2022,2,56,Sam Williams,DE
2022,2,57,Luke Goedeke,OL
2022,2,58,Troy Andersen,LB
2022,2,59,Ed Ingram,OG
2022,2,60,Cam Taylor-Britt,CB
2022,2,61,Drake Jackson,OLB
2022,2,62,Bryan Cook,S
2022,2,63,James Cook,RB
2022,2,64,Nik Bonitto,OLB
2022,3,65,Luke Fortner,OG
2022,3,66,Brian Asamoah,LB
2022,3,67,Joshua Ezeudu,OL
2022,3,68,Martin Emerson,CB
2022,3,69,Nicholas Petit-Frere,OT
2022,3,70,Chad Muma,LB
2022,3,71,Velus Jones Jr.,WR
2022,3,72,Abraham Lucas,OL
2022,3,73,Jelani Woods,TE
2022,3,74,Desmond Ridder,QB
2022,3,75,Christian Harris,LB
2022,3,76,Travis Jones,DT
2022,3,77,Bernhard Raimann,OL
2022,3,78,Alex Wright,DE
2022,3,79,JT Woods,S
2022,3,80,Greg Dulcich,TE
2022,3,81,Cordale Flott,CB
2022,3,82,DeAngelo Malone,DE
2022,3,83,Nakobe Dean,LB
2022,3,84,DeMarvin Leal,DT
2022,3,85,Marcus Jones,CB
2022,3,86,Malik Willis,QB
2022,3,87,Cameron Thomas,DE
2022,3,88,Jalen Tolbert,WR
2022,3,89,Terrel Bernard,LB
2022,3,90,Dylan Parham,OL
2022,3,91,Rachaad White,RB
2022,3,92,Sean Rhyan,OL
2022,3,93,Tyrion Davis-Price,RB
2022,3,94,Matt Corral,QB
2022,3,95,Zachary Carter,DE
2022,3,96,Nick Cross,DB
2022,3,97,Kerby Joseph,DB
2022,3,98,Brian Robinson Jr.,RB
2022,3,99,David Bell,WR
2022,3,100,Myjai Sanders,DE
2022,3,101,Jeremy Ruckert,TE
2022,3,102,Channing Tindall,LB
2022,3,103,Leo Chenal,LB
2022,3,104,Logan Bruss,OL
2022,3,105,Danny Gray,WR
2022,4,106,Cade Otton,TE
2022,4,107,Dameon Pierce,RB
2022,4,108,Perrion Winfrey,DT
2022,4,109,Coby Bryant,CB
2022,4,110,Daniel Faalele,OT
2022,4,111,Max Mitchell,OT
2022,4,112,Daniel Bellinger,TE
2022,4,113,Percy Butler,S
2022,4,114,Dane Belton,DB
2022,4,115,Damarri Mathis,DB
2022,4,116,Eyioma Uwazurike,DE
2022,4,117,Micheal Clemons,DT
2022,4,118,Akayleb Evans,DB
2022,4,119,Jalyn Armour-Davis,DB
2022,4,120,Brandon Smith,LB
2022,4,121,Jack Jones,DB
2022,4,122,Zamir White,RB
2022,4,123,Isaiah Spiller,RB
2022,4,124,Cade York,K
2022,4,125,Erik Ezukanma,WR
2022,4,126,Neil Farrell,DT
2022,4,127,Pierre Strong,RB
2022,4,128,Charlie Kolar,TE
2022,4,129,Jake Ferguson,TE
2022,4,130,Jordan Stout,P
2022,4,131,Hassan Haskins,RB
2022,4,132,Romeo Doubs,WR
2022,4,133,Jake Camarda,P
2022,4,134,Spencer Burford,OL
2022,4,135,Joshua Williams,CB
2022,4,136,Cordell Volson,OT
2022,4,137,Bailey Zappe,QB
2022,4,138,Calvin Austin III,WR
2022,4,139,Isaiah Likely,TE
2022,4,140,Zach Tom,OL
2022,4,141,Damarion Williams,CB
2022,4,142,Cobie Durant,DB
2022,4,143,Chigoziem Okonkwo,TE
2022,5,144,Sam Howell,QB
2022,5,145,Darian Kinnard,OT
2022,5,146,Micah McFadden,LB
2022,5,147,D.J. Davidson,DT
2022,5,148,Khalil Shakir,WR
2022,5,149,Cole Turner,TE
2022,5,150,Thomas Booker,DE
2022,5,151,Tyler Allgeier,RB
2022,5,152,Delarrin Turner-Yell,S
2022,5,153,Riq Woolen,CB
2022,5,154,Snoop Conner,RB
2022,5,155,Matt Waletzko,OL
2022,5,156,Jerome Ford,RB
2022,5,157,Zyon McCollum,DB
2022,5,158,Tyreke Smith,DE
2022,5,159,Eric Johnson,DT
2022,5,160,Otito Ogbonnia,DT
2022,5,161,D'Marco Jackson,LB
2022,5,162,Montrell Washington,WR
2022,5,163,Kyle Philips,WR
2022,5,164,Kyren Williams,RB
2022,5,165,Esezi Otomewo,DT
2022,5,166,Tycen Anderson,S
2022,5,167,DaRon Bland,DB
2022,5,168,Braxton Jones,OL
2022,5,169,Ty Chandler,RB
2022,5,170,Teagan Quitoriano,TE
2022,5,171,Luke Wattenberg,OL
2022,5,172,Samuel Womack,CB
2022,5,173,Marcus McKethan,OL
2022,5,174,Dominique Robinson,DE
2022,5,175,Matthew Butler,DT
2022,5,176,Damone Clark,LB
2022,5,177,James Mitchell,TE
2022,5,178,John Ridgeway,DT
2022,5,179,Kingsley Enagbare,DE
2022,6,180,Matt Araiza,P
2022,6,181,Kyron Johnson,DE
2022,6,182,Darrian Beavers,LB
2022,6,183,Kevin Harris,RB
2022,6,184,Vederian Lowe,OL
2022,6,185,Christian Benford,DB
2022,6,186,Zachary Thomas,OL
2022,6,187,Nick Zakelj,OL
2022,6,188,Malcolm Rodriguez,LB
2022,6,189,Amare Barno,DE
2022,6,190,Justin Shaffer,OL
2022,6,191,Jalen Nailor,WR
2022,6,192,Andrew Ogletree,TE
2022,6,193,Devin Harper,LB
2022,6,194,Jordan Jackson,DT
2022,6,195,Jamaree Salyer,OL
2022,6,196,Tyler Badie,RB
2022,6,197,Gregory Junior,CB
2022,6,198,Grant Calcaterra,TE
2022,6,199,Cade Mays,OL
2022,6,200,Sam Roberts,DE
2022,6,201,Keaontay Ingram,RB
2022,6,202,Michael Woods II,WR
2022,6,203,Trestan Ebner,RB
2022,6,204,Theo Jackson,DB
2022,6,205,Austin Deculus,OT
2022,6,206,Matt Henningsen,DE
2022,6,207,Doug Kramer,OL
2022,6,208,Connor Heyward,TE
2022,6,209,Luke Tenuta,OL
2022,6,210,Chasen Hines,OG
2022,6,211,Quentin Lake,DB
2022,6,212,Derion Kendrick,DB
2022,6,213,John FitzPatrick,TE
2022,6,214,Ja'Sir Taylor,DB
2022,6,215,Lecitus Smith,OL
2022,6,216,Curtis Brooks,DT
2022,6,217,James Houston,LB
2022,6,218,Ko Kieft,TE
2022,6,219,Chance Campbell,LB
2022,6,220,Kalia Davis,DT
2022,6,221,Tariq Castro-Fields,CB
2022,7,222,Montaric Brown,DB
2022,7,223,Isaiah Thomas,DE
2022,7,224,Cameron Goode,OLB
2022,7,225,Mark Robinson,LB
2022,7,226,Ja'Tyre Carter,OL
2022,7,227,Nick Muse,TE
2022,7,228,Tariq Carpenter,DB
2022,7,229,Bo Melton,WR
2022,7,230,Chris Paul,OL
2022,7,231,Baylon Spector,LB
2022,7,232,Faion Hicks,CB
2022,7,233,Dareke Young,WR
2022,7,234,Jonathan Ford,DT
2022,7,235,Daniel Hardy,LB
2022,7,236,Deane Leonard,DB
2022,7,237,Chase Lucas,DB
2022,7,238,Thayer Munford,OL
2022,7,239,Rodney Thomas II,LB
2022,7,240,Christian Holmes,CB
2022,7,241,Chris Oladokun,QB
2022,7,242,Kalon Barnes,CB
2022,7,243,Jaylen Watson,DB
2022,7,244,Christian Matthew,DB
2022,7,245,Andrew Stueber,OL
2022,7,246,Dawson Deaton,OL
2022,7,247,Skylar Thompson,QB
2022,7,248,Andre Anthony,DE
2022,7,249,Rasheed Walker,OL
2022,7,250,Brittain Brown,RB
2022,7,251,Isiah Pacheco,RB
2022,7,252,Jeff Gunter,OLB
2022,7,253,Russ Yeast,DB
2022,7,254,Elijah Hicks,S
2022,7,255,Trenton Gill,P
2022,7,256,Jesse Luketa,LB
2022,7,257,Marquis Hayes,OL
2022,7,258,Samori Toure,WR
2022,7,259,Nazeeh Johnson,S
2022,7,260,Zander Horvath,RB
2022,7,261,AJ Arcuri,OT
2022,7,262,Brock Purdy,QB
2023,1,1,Bryce Young,QB
2023,1,2,C.J. Stroud,QB
2023,1,3,Will Anderson,LB
2023,1,4,Anthony Richardson,QB
2023,1,5,Devon Witherspoon,DB
2023,1,6,Paris Johnson,OL
2023,1,7,Tyree Wilson,OLB
2023,1,8,Bijan Robinson,RB
2023,1,9,Jalen Carter,DL
2023,1,10,Darnell Wright,OL
2023,1,11,Peter Skoronski,OL
2023,1,12,Jahmyr Gibbs,RB
2023,1,13,Lukas Van Ness,DL
2023,1,14,Broderick Jones,OL
2023,1,15,Will McDonald,DE
2023,1,16,Emmanuel Forbes,CB
2023,1,17,Christian Gonzalez,DB
2023,1,18,Jack Campbell,LB
2023,1,19,Calijah Kancey,DL
2023,1,20,Jaxon Smith-Njigba,WR
2023,1,21,Quentin Johnston,WR
2023,1,22,Zay Flowers,WR
2023,1,23,Jordan Addison,WR
2023,1,24,Deonte Banks,DB
2023,1,25,Dalton Kincaid,TE
2023,1,26,Mazi Smith,DL
2023,1,27,Anton Harrison,OL
2023,1,28,Myles Murphy,DE
2023,1,29,Bryan Bresee,DT
2023,1,30,Nolan Smith,OLB
2023,1,31,Felix Anudike-Uzomah,DE
2023,2,32,Joey Porter Jr.,CB
2023,2,33,Will Levis,QB
2023,2,34,Sam LaPorta,TE
2023,2,35,Michael Mayer,TE
2023,2,36,Steve Avila,C
2023,2,37,Derick Hall,DE
2023,2,38,Matthew Bergeron,OL
2023,2,39,Jonathan Mingo,WR
2023,2,40,Isaiah Foskey,DL
2023,2,41,BJ Ojulari,DE
2023,2,42,Luke Musgrave,TE
2023,2,43,Joe Tippmann,OL
2023,2,44,Julius Brents,DB
2023,2,45,Brian Branch,DB
2023,2,46,Keion White,DL
2023,2,47,Quan Martin,DB
2023,2,48,Cody Mauch,OT
2023,2,49,Keeanu Benton,NT
2023,2,50,Jayden Reed,WR
2023,2,51,Cam Smith,DB
2023,2,52,Zach Charbonnet,RB
2023,2,53,Gervon Dexter,DL
2023,2,54,Tuli Tuipulotu,DL
2023,2,55,Rashee Rice,WR
2023,2,56,Tyrique Stevenson,CB
2023,2,57,John Michael Schmitz,OL
2023,2,58,Luke Schoonmaker,TE
2023,2,59,O'Cyrus Torrence,OL
2023,2,60,DJ Turner,DB
2023,2,61,Brenton Strange,TE
2023,2,62,Juice Scruggs,OL
2023,2,63,Marvin Mims,WR
2023,3,64,Zacch Pickens,DL
2023,3,65,Tyler Steen,OL
2023,3,66,Sydney Brown,DB
2023,3,67,Drew Sanders,LB
2023,3,68,Hendon Hooker,QB
2023,3,69,Tank Dell,WR
2023,3,70,Byron Young,DL
2023,3,71,Kendre Miller,RB
2023,3,72,Garrett Williams,DB
2023,3,73,Jalin Hyatt,WR
2023,3,74,Cedric Tillman,WR
2023,3,75,Zach Harrison,DE
2023,3,76,Marte Mapu,DB
2023,3,77,Byron Young,LB
2023,3,78,Tucker Kraft,TE
2023,3,79,Josh Downs,WR
2023,3,80,DJ Johnson,OLB
2023,3,81,Tyjae Spears,RB
2023,3,82,YaYa Diaby,DL
2023,3,83,Riley Moss,DB
2023,3,84,De'Von Achane,RB
2023,3,85,Daiyan Henley,LB
2023,3,86,Trenton Simpson,LB
2023,3,87,Ji'Ayir Brown,S
2023,3,88,Tank Bigsby,RB
2023,3,89,Kobie Turner,DT
2023,3,90,DeMarvion Overshown,LB
2023,3,91,Dorian Williams,LB
2023,3,92,Wanya Morris,OL
2023,3,93,Darnell Washington,TE
2023,3,94,Michael Wilson,WR
2023,3,95,Jordan Battle,DB
2023,3,96,Brodric Martin,DT
2023,3,97,Ricky Stromberg,OL
2023,3,98,Siaki Ika,DL
2023,3,99,Jake Moody,K
2023,3,100,Tre Tucker,WR
2023,3,101,Cameron Latu,TE
2023,3,102,Mekhi Blackmon,CB
2023,4,103,Nick Saldiveri,OL
2023,4,104,Jakorian Bennett,DB
2023,4,105,Kelee Ringo,DB
2023,4,106,Blake Freeland,OL
2023,4,107,Jake Andrews,OL
2023,4,108,Anthony Bradford,OL
2023,4,109,Dylan Horton,DL
2023,4,110,Adetomiwa Adebawore,DL
2023,4,111,Dawand Jones,OL
2023,4,112,Chad Ryland,K
2023,4,113,Clark Phillips,CB
2023,4,114,Chandler Zavala,OG
2023,4,115,Roschon Johnson,RB
2023,4,116,Colby Wooden,DE
2023,4,117,Sidy Sow,OL
2023,4,118,Braeden Daniels,OL
2023,4,119,Chamarri Conner,DB
2023,4,120,Carter Warren,OL
2023,4,121,Ventrell Miller,LB
2023,4,122,Jon Gaines,OL
2023,4,123,Cameron Young,DT
2023,4,124,Tavius Robinson,DE
2023,4,125,Derius Davis,WR
2023,4,126,Isaiah McGuire,DL
2023,4,127,Jake Haener,QB
2023,4,128,Stetson Bennett,QB
2023,4,129,Viliami Fehoko,DL
2023,4,130,Tyler Lacy,DE
2023,4,131,Charlie Jones,WR
2023,4,132,Nick Herbig,OLB
2023,4,133,Tyler Scott,WR
2023,4,134,Jay Ward,S
2023,4,135,Aidan O'Connell,QB
2023,5,136,Yasir Abdullah,LB
2023,5,137,K.J. Henry,DE
2023,5,138,Darius Rush,DB
2023,5,139,Clayton Tune,QB
2023,5,140,Dorian Thompson-Robinson,QB
2023,5,141,Jaquelin Roy,DT
2023,5,142,Cameron Mitchell,DB
2023,5,143,Israel Abanikanda,RB
2023,5,144,Atonio Mafi,OL
2023,5,145,Jammie Robinson,DB
2023,5,146,Jordan Howden,DB
2023,5,147,Josh Whyle,TE
2023,5,148,Noah Sewell,LB
2023,5,149,Sean Clifford,QB
2023,5,150,Justin Shorter,WR
2023,5,151,Mike Morris,DE
2023,5,152,Colby Sorsdal,OL
2023,5,153,SirVocea Dennis,LB
2023,5,154,Olusegun Oluwatimi,C
2023,5,155,Darrell Luter,CB
2023,5,156,Jordan McFadden,OL
2023,5,157,Kyu Blu Kelly,CB
2023,5,158,Daniel Scott,S
2023,5,159,Dontayvion Wicks,WR
2023,5,160,Antonio Johnson,DB
2023,5,161,Nick Hampton,OLB
2023,5,162,Will Mallory,TE
2023,5,163,Chase Brown,RB
2023,5,164,Jaren Hall,QB
2023,5,165,Terell Smith,DB
2023,5,166,BJ Thompson,DE
2023,5,167,Henry To'oTo'o,LB
2023,5,168,Owen Pappoe,LB
2023,5,169,Asim Richards,OL
2023,5,170,Christopher Smith,DB
2023,5,171,Payne Durham,TE
2023,5,172,Eric Gray,RB
2023,5,173,Robert Beal,OLB
2023,5,174,Warren McClendon,OL
2023,5,175,Davis Allen,TE
2023,5,176,Evan Hull,RB
2023,5,177,Puka Nacua,WR
2023,6,178,Eric Scott,DB
2023,6,179,Karl Brooks,DT
2023,6,180,Kei'Trel Clark,DB
2023,6,181,Josh Hayes,CB
2023,6,182,Tre'Vius Tomlinson,CB
2023,6,183,JL Skinner,S
2023,6,184,Zaire Barnes,LB
2023,6,185,Parker Washington,WR
2023,6,186,Jaelyn Duncan,OL
2023,6,187,Kayshon Boutte,WR
2023,6,188,Tanner McKee,QB
2023,6,189,Ochaun Mathis,DE
2023,6,190,Luke Wypler,OL
2023,6,191,Trey Palmer,WR
2023,6,192,Bryce Baringer,P
2023,6,193,Chris Rodriguez,RB
2023,6,194,Keondre Coburn,DT
2023,6,195,A.T. Perry,WR
2023,6,196,Jose Ramirez,DL
2023,6,197,Elijah Higgins,WR
2023,6,198,Jerrick Reed,S
2023,6,199,Malaesala Aumavae-Laulu,OL
2023,6,200,Scott Matlock,DT
2023,6,201,Jarrett Patterson,OL
2023,6,202,Christian Braswell,DB
2023,6,203,Amari Burney,LB
2023,6,204,Jarrick Bernard-Converse,CB
2023,6,205,Xavier Hutchinson,WR
2023,6,206,Andrei Iosivas,WR
2023,6,207,Anders Carlson,K
2023,6,208,Erick Hallett,DB
2023,6,209,Tre Hawkins,CB
2023,6,210,Demario Douglas,WR
2023,6,211,Titus Leo,LB
2023,6,212,Deuce Vaughn,RB
2023,6,213,Dante Stills,DT
2023,6,214,Ameer Speed,CB
2023,6,215,Zach Evans,RB
2023,6,216,Dee Winters,LB
2023,6,217,Brad Robbins,P
2023,7,218,Travis Bell,DL
2023,7,219,Antoine Green,WR
2023,7,220,Zack Kuntz,TE
2023,7,221,Jaylon Jones,DB
2023,7,222,DeWayne McBride,RB
2023,7,223,Ethan Evans,P
2023,7,224,DeMarcco Hellams,DB
2023,7,225,Jovaughn Gwyn,OL
2023,7,226,Cooper Hodges,OL
2023,7,227,Raymond Vohasek,DT
2023,7,228,Colton Dowell,WR
2023,7,229,Andrew Vorhees,OL
2023,7,230,Nick Broeker,OL
2023,7,231,Nesta Jade Silvera,DT
2023,7,232,Carrington Valentine,DB
2023,7,233,Andre Jones,DE
2023,7,234,Jason Taylor,S
2023,7,235,Lew Nichols,RB
2023,7,236,Jake Witt,OL
2023,7,237,Kenny McIntosh,RB
2023,7,238,Ryan Hayes,OL
2023,7,239,Max Duggan,QB
2023,7,240,Derek Parish,DL
2023,7,241,Cory Trice,CB
2023,7,242,Anthony Johnson,DB
2023,7,243,Jordon Riley,DL
2023,7,244,Jalen Brooks,WR
2023,7,245,Isaiah Bolden,CB
2023,7,246,DJ Ivey,CB
2023,7,247,Brayden Willis,TE
2023,7,248,Brandon Hill,DB
2023,7,249,Moro Ojomo,DE
2023,7,250,Nic Jones,CB
2023,7,251,Spencer Anderson,OL
2023,7,252,Alex Austin,DB
2023,7,253,Ronnie Bell,WR
2023,7,254,Gervarrius Owens,DB
2023,7,255,Jalen Graham,S
2023,7,256,Grant Dubose,WR
2023,7,257,Alex Forsyth,OL
2023,7,258,Kendall Williamson,S
2023,7,259,Desjuan Johnson,DT
